# url=https://m.place.naver.com/hospital/1312391687/review/visitor, place_name=서울단오치과의원
created,visited,visit_count,author_nickname,body,id,author_id,rating
25.12.8.월,25.12.8.월,7,쭈니8363,"그동안 진료하고 있는것이 끝이 보여서 너무좋고
할때마다 꼼꼼하게 봐주셔서 감사하고 일주일후에 크라운할껀데도 임시치아도 세심하게 체크해주시고선생님  오늘도짱입니당^^",6936482867c8546b9289367c,VCNd,
25.11.29.토,25.11.29.토,2,Jein,"이가 많이 안좋았습니다. 더 오래 묵히면 안되겠다는 생각에 치과 방문할 마음을 먹고 엄청 긴장하면서 방문했어요...! 전날 잠도 못 잘정도로 걱정했습니다ㅠㅠ..

그런데 걱정과 긴장이 무색할 정도로 편하게, 꼼꼼하게 치료해주셨어요. 제 마음을 많이 헤아려주시고 의견도 들어주시고요!! 

저 이제 앞으로의 치과 방문이 두렵거나 무섭지 않아졌어요!!!! 제 인생에서 정말 큰 일인 부분이었는데 이게 이렇게 어렵지 않은거였구나?싶어요.
저의 부끄럽고 숨기고 싶은 부분을 이렇게 채워주셔서 제가 얼마나 행복하고 기쁜지 몰라요!!!💖

저처럼 치과가 무섭고 걱정이고 두려웠던 사람은
무조건 서울단오치과로 와야해요...🥹

저 더이상 미루지 않을거에요!!!!!
이렇게 마음먹게 도와주셔서 감사합니다!
다음 예약때 뵐게요!🥹🧡",692a5fb7bbac7645f365e604,8iknY,
25.12.2.화,25.11.28.금,2,장해,"블로그 보고 오른쪽 송곳니 통증 때문에 방문했는데, 기대 이상으로 설명이 친절하고 디테일했습니다. 처음에는 신경치료까지 고려해야 할 수 있다고 솔직하게 말해주시길래 긴장했는데, 치료를 진행하면서 다시 점검하시더니 당장은 신경치료가 불필요하고 가능한 오래 쓸 수 있게 관리하면서 크라운만 하자고 방향을 잡아주시더라고요. 괜히 겁주면서 과한 치료를 권하는 게 아니라, 제 치아 상태와 생활습관을 같이 보면서 현실적인 관리 계획을 세워주는 점이 특히 믿음이 갔습니다. 무조건 깎고 심는 치과가 아니라, 과잉치료는 빼고 ‘필요한 만큼만’ 잡아주는 양심적인 치과라는 느낌이 확실했습니다.",692e1c0980efdde4ff0cba65,1IvwX,
25.11.21.금,25.11.21.금,1,MINI TREE,꼼꼼하게 스케줄짜서 플랜대로 진료 진행해주셔서 좋아요^^,69200fe9f499d2818e06efd5,8AYrR,
25.11.6.목,25.11.6.목,5,햇살8255,오늘 치료 시작했어요. 마취도 아프지않게 잘 놔주시고 치료도 섬세하게 완전 차분히 잘 받았습니다. 담주도 또 뵈요,690c3bbf274977362b0d0bee,1YlWX,
25.10.30.목,25.10.30.목,1,SSDD0,"한 10년 전에 씌웠던 레진이 떨어져 방문했는데, 예약 시간에 맞춰 기다림 없이 바로 진료를 받을 수 있었어요. 
원장님과 직원분들 모두 친절하게 안내해주셔서 처음 방문이었지만 편하게 치료받았습니다. 병원 내부도 깔끔하고 전체적으로 관리가 잘 되어 있어 좋았어요. 

필요한 부분만 제 의견대로 정확히 치료해주시고, 제가 미처 몰랐던 시린이 부분도 예방적으로 잘 조치해주셔서 좋았습니다. 
치료 후 통증도 없고, 다시 씌운 레진도 불편함 없이 잘 사용 중입니다. 

전체적으로 이도 마음도 편하게 진료 받고 왔어요. 앞으로도 종종 방문해서 검진 받고 미리미리 치료 받을 것 있으면 받으려고 합니다.

좋은 진료 감사합니다!!",6903261c9500758d3639ba6e,1jc3b,
25.10.29.수,25.10.29.수,4,햇살8255,"와이프가 적극 추천해서 방문 했는데 역시 상담 친절하시고 숙지 잘되게 설명 감사합니다.
다음주부터 본격적인 치료 기대해 봅니다",6901b98cd0291eb7e628f49f,1YlWX,
25.10.28.화,25.10.28.화,6,쭈니8363,드디여 임플란트 시작했는데 걱정과달리 선생님께서 잘해주셔서 맘편히 시작했고 주의사항이나  식사 못할까봐 단백질 음료까지 세심함에 감사했어요,690074ccb68b9530e47d49c0,VCNd,
25.10.27.월,25.10.27.월,1,소라리뷰,"청결한 내부와 친절한 직원분들과 의사쌤 덕분에 23년도부터 지금까지 항상 기분 좋게 다니고 있는 치과예요~
과한 진료와 처방 없이 늘 필요한 것만 안내해주시고!
1년에 한번씩 치아 스케일링을 여기서 꾸준하 받고 있는데 시원하고 깔끔하게 해주셔서 좋아요!
이번엔 스케일링 뿐만아니라 인생 처음으로 사랑니도 빼려고 방문했는데 엄청 아프다고 들어서 긴장도 많이 했는데! 치료를 자세히 설명해주시고, 최대한 긴장을 풀 수 있게 옆에서 친절하게 도와주셔서 그나마 덜 긴장하고 잘 치료받았어요☺️
무엇보다 직원분들과 의사쌤이 설명도 잘 해주시고, 진짜 친절하셔서 성남에서 치과 잘하면서 친절한 곳을 찾으신다면 제가 몇년째 꾸준히 다니고 있는 서울단오치과 방문하시는거 너무 추천드려용👍🏻",68ff22fdf8ac7a80a9da8b01,6anbR,
25.10.11.토,25.10.11.토,1,hangounmok,"8살 아이가 유치가 썩어서 걱정이었는데, 친절한 선생님을 만나서 치과를 무서워하지도 않고 혼자서 치료받겠다고 의자에 앉아있는거 보고 치과선택 잘했다는 생각이 듭니다.
아이들상대로 설명도 잘해주시고 치료도 안아프게 잘해주세요.",68e9aa322b825c5fcd938912,3NBVq,
25.9.30.화,25.9.30.화,1,jsmoo,원장님 친절하게 설명하고 치료를 잘 해주셨어요,68db82a2f79320195f93dc4e,1GX29,
25.9.29.월,25.9.29.월,4,쭈니8363,"인플란트해야 한다해서. 걱정많이하고. 아프면. 어떡하지
할수있을까. 했는데 생각보다. 발치후. 상태도좋고 불편한점 다체크해주시니 안심이 되네여",68da7cc7eea0c594758f7836,VCNd,
25.9.27.토,25.9.27.토,7,Biscuit Monster,"아버지 전체 잇몸치료 마지막으로 받고 레진 붙이고 사랑니도 발치했습니다.
과잉 진료 없고 원장님, 치위생사님들이 꼼꼼히 잘봐주셔서 무탈하게 진료 잘 받고 갑니다. 
아버지께서 상당히 만족해 하셨어요. 
성남 오실 때 마다 치아 점검 차 꼭 내원하겠다고 하십니다.",68d74f72a3819e93551c7ec6,dcq3q,
25.9.25.목,25.9.25.목,6,Biscuit Monster,"아버지 잇몸치료 및 레진 받았습니다. 원장님이 꼼꼼하게 봐주셔서 만족해요.
토요일에 한번 더 내원할 계획입니다.",68d4ad6fda4f2f3a1888bafb,dcq3q,
25.9.24.수,25.9.24.수,5,Biscuit Monster,"아버지 치아 스케일링 받았는데 잇몸 치료가 더 필요해서 3일동안 이어서 방문하게 되었습니다.
치위생사님들, 원장님들이 친절하게 진료해주셔서
만족합니다.",68d39bc8ca596029f5537e31,dcq3q,
25.9.25.목,25.9.18.목,1,랄랄라9697,선생님 친절하시단 리뷰 보고 예약하였는데요. 실제 와보니 세심하고 필요한 부분 이해하기 쉽게 잘 설명해주셔서 치료 받는 내내 안심되었습니다. 가까운 곳에 좋은 치과를 알게 되어 넘 좋습니다.,68d4a9a61a424832692a0eda,442vj,
25.9.17.수,25.9.17.수,1,산타3493,"병원 시설이 매우 쾌적하고 위생적으로 관리되어
편안하고 친절하여 자주오고 싶은 곳입니다.
의사선생님도 실력이 매우 좋은  듯하여 안심하고
치료를 받고 있어요 처음 하는 임플란트라 기대를 많이 하고  있습니다.",68ca525b55b8308268c171d5,jEQe,
25.9.11.목,25.9.11.목,1,아아요90,다시는 다른치과 안갈래요 ㅠㅡㅠ 👍,68c2452ca030d46e0f589c3c,d9e9m,
25.9.10.수,25.9.9.화,1,Jein,"전에 스케일링 진료도 꼼꼼하고 아~주 깔끔하게 해주셨는데 이번 잇몸치료도 정말 잘 받고 왔어요!!!
마취주사에 대한 트라우마가 있었는데 어떻게 이렇게 무섭지 않고 안아프게 놔주시는지!!!🥹 
덕분에 진료 잘 받고 왔습니다~ 감사합니다🧡",68c0f77883f153ca5073b216,8iknY,
25.9.6.토,25.9.6.토,2,최프24,"친절하고 꼼꼼히 잘 봐주고 예쁜 치아로 만들어 주네요 
한번 치료 받으면 오래 쓸 치아인데  이 단오치과 추천 해요",68bba17768119ea0ec45ed54,BxLs,
25.8.27.수,25.8.27.수,2,jwt****,"잇몸치료 잘받고 지금은 치과 정기검진하면서 치아관리 하러 내원했습니다. 늘 쾌적하고 친절하게 치료 잘 해주신 선생님과 직원분들 감사합니다.
다음 정기검진때 뵙겠습니다.",68aeae5d54c509f0a7cc42ef,3HzsC,
25.8.19.화,25.8.19.화,3,햇살8255,"마지막 치료가 끝났어요~
너무 섬세한 치료 감사합니다~^^
한달뒤에 뵈어요~",68a415d2874060f3e873bea3,1YlWX,
25.8.14.목,25.8.14.목,2,햇살8255,"세번째 방문입니다~
역시 친절하시고 세밀한치료 감사합니다^^♡
다음주 마지막 치료! 그때 뵈어요~",689d8d9a7e1127b7e019f213,1YlWX,
25.8.8.금,25.8.8.금,4,Biscuit Monster,"스케일링 및 잇몸 패임 치료 잘 받고 갑니다. 
매번 원장님, 치위생사님이 자세하고 친절하게 진료해주셔서 좋아요. 

과잉진료도 없어서 환자 입장에서 부담도 덜 됩니다. 4개월 후 정기 검진일까지 지금 처럼 치아 관리 꾸준히 하겠습니다.",6895a4dbc88047858a46b81c,dcq3q,
25.8.8.금,25.8.8.금,3,쭈니8363,치과는 정말 오기싫은 곳이잖아여 첫진료때 편하게 받아서인지 불편함이 없고 스케일링에 안좋은 기억이있는데 단오치과에와서 확 바뀌었어요 선생님들 진짜 짱! 이에여,6895a0e061a2513b46449548,VCNd,
25.8.8.금,25.8.8.금,5,별나들이32,"1년 전에도 치료받았는데, 쌤 넘 친절 다정 😀
문자 주셔서 잊지 않고 진료 받았어요. 
오늘 스케일링 ^^ 👍 만족합니다. 
나이드니까, 치석 넘 잘 생겨요. 애들도 가라고 할께요. 
여름 더위에 건강하세욤.",689560ef0d465822079aac0e,2EYQy,
25.8.6.수,25.8.5.화,1,햇살8255,지인의 소개로 진료받았는데 모두들 친절하시고 원장님 너무 설명 잘 해주시고 진료나 치료과정도 너무 좋았습니다. 잠이 올정도로 편안하게 치료해주셔서 감사합니다.,689293750bdb3aa3b7ea4b4f,1YlWX,
25.8.4.월,25.8.4.월,2,ref****,김혜인원장님 너무 친절하시고 꼼꼼하게 과잉진료 없이 치료해주십니다. 스케일링 하시는 분도 실력이 좋고 호흡이 불편하지 않게 신경을 써주셔서 편하게 치료 받고 갑니다. 가족 모두 서울단오치과를 이용하고 있어요.,689011f7d9b654b52befcaab,2PBmU,
25.7.31.목,25.7.24.목,1,허니하우스9,간호사 선생님들과 의사 선생님이 항상 친절하고 꼼꼼히 진료를 봐주십니다. 원래 동네 다른 치과에 다니다가 제 권유로 부모님께서도 서울단오치과로 옮겨서 같이 다니고 있어요ㅎㅎ 꾸준히 믿고 다닐수 있는 치과에요 추천합니다,688ae7f7cec04ae103081129,1esiu,
25.9.3.수,25.7.24.목,1,sieun35,"어릴때부터 치아관리 잘해야되는데 사실 제대로 케어될 환경이 되지않아 치아관리가 소홀했습니다 처음 치과 갔던 기억이 너무 아프고,힘들고 무서웠어서 치과가야될 시기를 늘 미루고 놓치다보니 치아상태는 더 안좋아지고. 몇년동안 아파서 불안장애,공황장애가 오고나서부터는 어느병원이든 가기힘들었어요 나이가 들수록 이제 치아가 많이 나빠져서 근처치과는 다 가봤는데 과잉진료에 치료방법도 다 말이다르고. 마지막으로 서울단오치과 왔었는데 왜 젤첨으로 여길안왔을까 후회할정도로 원장님 자상하시구 실력도 최고인것같습니다 간호사쌤들도 다 친절하시구   세심한부분까지 
체크해주시면서 무섭고 아픈상황 공감해주시고 감동입니다.먹고살기바빠서 제때제때 예약일에 못가고있는데 앞으로 치료할치아가 많아서 믿고 쭉 다닐거예요 원장님 항상 감사합니다",68b7ca7cc0b98ceba750627e,oeBC,
25.7.22.화,25.7.22.화,1,푸푸코쿤,친절하시고 섬세하셔서 좋아요~다음치료때뵐께요^^,687f07712b520437acb017c5,388qX,
25.7.26.토,25.7.16.수,1,jwt****,"가족들이 추천해서 방문했어요.
예전에 했던 금니가 떨어져서 내원 예약하고 방문했는데 선생님께서 상담 잘해주시며 다시 붙여주셨어요.
오랜만에 치과 방문이라 떨리고 걱정했는데 쉽지않은 치과치료에 검진까지 꼼꼼히 받았습니다.
스켈링도 아프지않게 잘받았고.현재 잇몸치료 잘하고 있습니다.
덕분에 치과진료의 공포를 떨치고 치아건강에 신경쓸수 있어서 만족합니다.
그리고 선생님 및 직원분들 친절하세요.강추하는 병원입니다.",68845056138c8298b321e3cd,3HzsC,
25.7.7.월,25.7.7.월,1,최프24,이 꼼꼼히 잘 봐주시고 친절합니다.,686b465656d388be3176f50d,BxLs,
25.6.26.목,25.6.26.목,1,siamommy,"원래 병원찾을때 리뷰 엄청 뒤지는데
그러다가도 제 감을 믿고 가면 거의 실패없는 약간 운빨이 있는데 이번에도 맞았네요
스케일링하도 미백상담받으러 갔는데
원장님 치위생사님 다 넘 맘에들고
스케일링 진짜 꼼꼼하게 해주셔서 아주..맘에들었어요
남편한테도 추천했네욤!!
처음가서 그런거 아니길🙏
다음예약때 뵈요☺️",685cbcf0d8608a403b7951bc,7Jssd,
25.6.23.월,25.6.23.월,1,일281,미백 잘받고 왔어요,6858c9e7345d97d0768fd4f8,bTAaF,
25.6.19.목,25.6.18.수,1,박진주2973,"예전에 다른 치과에서 임플란트 치료를 받은 적이 있는데 이번에 단오치과에서 새로 임플란트를 하게 됐어요. 아무래도 예민하고 어려운 치료라 걱정했는데, 원장님께서 마취 주사도 거의 안 아프게 잘 놓아주시고 전체적으로 정말 섬세하게 잘 진료해주셨어요. 환자 입장에서 많이 배려해주는 게 느껴졌고, 과정 하나하나 설명도 잘 해주셔서 믿음이 갔습니다. 저는 정말 만족스러웠어요. 임플란트 고민 중이신 분들께도 추천드리는 치과입니다!",6853f986cbaf27faff44fdce,3x7ET,
25.6.19.목,25.6.18.수,1,riveryun,"다른 치과에서 신경치료 했던 곳이 덧나서 방문했는데 단오치과에서 잘 진료받았습니다!
원장님께서 과정도 쉽게 설명해주시고 치료도 아주 세심하게 잘해주셨어요. 치위생사 선생님들도 너무 친절하셨고 긴장하지 않도록 계속 신경 써주셔서 편안한 마음으로 진료를 받았네요.
아주 만족스러웠고 다음에 또 재방문하겠습니다 😆 감사해요!",6853ea2668e5cc1147d25fd5,3H3Q0,
25.6.13.금,25.6.13.금,2,아인5496,"의사선생님, 간호사 선생님 친절하시고 과잉 진료 없어서 좋습니다!",684b9b7e6b6fbe62f05f9305,3N0XY,
25.6.10.화,25.6.10.화,1,tld****,"이사 온지 얼마 안되서 
주의의 수많은 치과들 리뷰와 느낌(?)보다가
찾아간 치과입니다

충치치료 했는데
치료하는 환자 배려해주시며
진행하셔서 편하고 기분좋게 했내요",6847c5d4d1ae7c32776e3f8f,3qbH0,
25.6.3.화,25.6.3.화,1,앙나19,"어린이가 진료 받았는데 친절하게 상담해주시고 안 아프게 치료 해주셔서 태어나서 처음으로 스케일링까지
잘 받고 나왔습니다!",683e4c3829868d683737d5e1,6if2j,
25.5.26.월,25.5.26.월,1,가람5237,정말 꼼꼼 하시고 친절하게 설명해 주세요. 환자 입장에서 말씀해 주셔서 항상 안심이 됩니다. 온 가족 치과 진료를 다닐까 합니다.,6833d7ae8ecbf945943106f5,6kb0,
25.5.10.토,25.5.10.토,4,jm****,친절하게 진료 잘~ 해 주세요~,681eab24113bc47b0f5f376a,43eVB,
25.4.25.금,25.4.25.금,2,hea****,"서울단오치과 가족 주치병원이 되었습니다
친절하고 세심한 진료로 추천헙니다",680b26bcaeb23a48d14a0ee6,cyge9,
25.4.30.수,25.4.12.토,1,sunnysony,근처라 왔는데 좋네요 여기로 다녀아겠어용♡♡♡,6811d4edaa649a56fdbaf3ec,WY1j,
25.3.31.월,25.3.31.월,1,xum****,오늘은 남편이랑 정기검진 받으러 왔어요~근처에 살면서 여기 오게 되었는데 직원분들 너무 친잘하거  원장님이 너무 꼼꼼하게 잘 봐주셔서 이사후에도 저의 가족은 다 여기로 다닙니다 . 아빠도 여기서 임플란트 많이 하셨어요^^,67ea280ca47993905312294a,4v83k,
25.3.24.월,25.3.24.월,3,나36,"잇몸 많이 패인거 떼웠는데 티도 많이 안나고 넘 좋으네요~ 여기 많이 알려졌으면 좋겠어요
궁금한 점 질문하면 친절하고 자세하게 설명해 주세요 너무 감사드립니다 번창하세요~^^",67e0c6e121a41fb197727111,RozG,
25.3.19.수,25.3.18.화,1,수37,첫 방문인데 너무 상냥하시고 좋았습니다~ 화요일은 야간 근무 날이라서 퇴근하고도 여유있게 진료 받을 수 있어서 좋았어요! 진료도 꼼꼼히 봐주시고 설명도 상세히 해주셔서 너무 좋았습니다. 다음에도 방문할게요!,67d9fd81d3d7e318477a2cc8,3icql,
25.3.17.월,25.3.17.월,2,나36,지난번 상담 받고 마음에 들어서 크라운 씌우러 왔어요 직원분들 모두다 너무 친절하세요<❤️,67d79ab8efe7657ccae7d950,RozG,
25.3.17.월,25.3.10.월,1,즌즌즌이,"때웠던 금이 빠져서 내원했어요~
안 쪽이 더 썩어서 치료도 받고 크라운 씨우는 치료를 받기로 했어요!
마취도 안아프고 스켈링도 안아프지만 꼼꼼하게 해주셔서 남편도 추천해줬네요~
마취 안아픈 치과가 최고거든요…👍🏻",67d7ae3dd4a4896dd87b023e,1iZKU,
25.3.5.수,25.3.5.수,1,cmi****,"평일 낮이라 대기없이 방문했어요~
처음 진료 받았는데 너무 친절하고 꼼꼼하게 봐주셔서 좋았어요ㅎㅎ
치료가 꼭 필요한 부분만 알려주셔서 다음에 치료하러 올게요~",67c7cc5543ac7e8b4dee8897,6x9IE,
25.3.6.목,25.2.26.수,6,msh****,2월26일 이빨이 꺼칠 꺼칠하여 방문하니 어금니가 깨어져 있어 기존 설치된 금을 제거하고 깨어진 부위 전체를 씌우기 위해 치료를 하고 이빨을 새로 만들어서 오늘 3월6일 어금니를 덮어 씌우려고 재 방문하여 치료하였어요.,67c92b54d631c94dcde8b9fb,5yKSe,
25.2.17.월,25.2.17.월,1,Just3245,"이 곳 원장님, 직원분들 다 친절하시고 좋아요
검진도 꼼꼼히 해주셔서 치아 문제점을 처음 알았습니다.. 감사합니다",67b29eff8c30d6a5b8068045,c3kEr,
25.2.15.토,25.2.15.토,1,주윤발75,직원분들 전부 친절하시고 원장님도 설명 자세히 해주세요. 과잉진료 없고. 치료도 안아프게 잘 해주십니다.,67b004864420685a43dbf864,1l69h,
25.2.14.금,25.2.14.금,3,Biscuit Monster,"오늘도 정기검진 받고왔는데 치위생사님들, 원장님이 꼼꼼하게 진료해주셔서 매번 만족합니다. 

깨진 치아가 하나 있는데도 당장 크라운으로 씌우는게 아니라 다듬어서 지켜보고 이상이 있으면 다음 번에 씌워보자고 조언 해주시는 부분에서, 과잉진료대신 환자 입장에서 합리적인 대안을 제시해주셔서 더 믿음이 가네요. 

4달 뒤 또 뵙겠습니다. ^^",67aeabaad24a1185de0b3453,dcq3q,
25.2.21.금,25.2.7.금,1,ea****,"가던 치과가 있었는데,  급해서 딸에게 물어보니 이곳이 집에서 가깝고 잘 한다고 하여  왔는데 정말 친절하고,  잘 해주시고 , 설명도 잘 해 주셔서 저희 아들도 이곳에서 진찰 받았어요  앞으로 우리 가족이 치아는 이곳에 맡기려고 합니다",67b7e1d0c568980a3e6da9e2,arZQE,
25.1.18.토,25.1.18.토,3,jm****,친절하고 세심하게 진료 잘~ 해 주세요~~,678afb83d2aeb68e548e2642,43eVB,
25.1.16.목,25.1.16.목,1,나36,지인에게 추천받아 와봤는데 직원분들이며 원장님이며 너무 꼼꼼하시고 친절하세요. 과잉진료 없는 느낌 딱 받았습니다. 원래 다니던 치과가 있었는데 여기로 정착할 생각입니다.,678865367080b0a114c039cf,RozG,
25.1.14.화,25.1.14.화,1,쪼니이로니이,"임신해서 스케일링 받으러왔는데 초진안내부터 진료까지 너무 친절하시고 꼼꼼히 해주셔서 너무 좋았어요. 내년 스케일링까지 문자 보내주신다고 하시며 챙겨주신것도 좋았고, 초진이라 치아상태 사진 찍어주신것도 좋았어요. 그리고 스케일링 마무리에 소독까지 해주신것도 굳!! 출산하면 또 올께요!!",6785becce02af0ecc986f882,O2ip,
25.1.6.월,25.1.6.월,1,cho****,너무 친절하게 잘해주셔서 감사합니다!,677b6a511b494868fc748435,3snd2,
25.1.4.토,25.1.4.토,2,jm****,친절하게 진료 잘~ 해 주세요~~,677893d2c3afc2c568a6fb75,43eVB,
24.12.26.목,24.12.26.목,2,tnwls6922,집 가까이에 있어서 편하게 오기 좋고 치료도 안 아프게 잘해주셨습니다,676d17a9ba3e374383b9504b,3g6W1,
24.12.22.일,24.12.21.토,3,나쁜남자8316,"이 깨져서 갑자기 예약하고 갔는데, 바로 해결되서 좋았음~ㅎ",6767f70dd3895618ca08645b,bGqr,
24.12.16.월,24.12.16.월,1,hyu****,"틀니 치료 받았는데 만족합니다 
앞으로도 할 치료가 많은데 잘 부탁드려요",675fda18e4e11622bf9279be,bBib2,
24.11.29.금,24.11.27.수,1,tha****,"동네에 서울대 단대오거리 서울단오치과가 있어서 
호기심반으로 와봤어요 치아를 편하게 해주는 곳이 
별로 없고,, 다 돈만 바래서 전전긍긍 찾다가
치아를 소중하게 다뤄주시고 꼼꼼하고 정확한 실력으로
올 때 마다 (충치치료 레진 인레이 크라운 미백 등)
마음에 들고 들이는 돈이 하나도 안아까워요
그리고 간호사 분들도 너무 상냥하시고 
전체적으로 활기찬 분위기 속에서 건강하게 치료 받았습니다 

성남 사시는 분들 여기로 오세요 !!
저 까다로워서 잘 안쓰는데요 정말 반해서 후기 올려요~!
우후죽순으로 늘어나는 치과 병원에서 이곳은 
핵 보석 같은 곳이에요 ^^♥️🩷",67492b60bffc60d1946b5afe,1nKHV,
24.11.25.월,24.11.25.월,4,믿음만수무강,"치아미백 처음 받았는데 효과 좋습니다!
앞으로 주기적으로 받을려구요~
가격도 여러군데 알아봤는데 합리적이고
집앞에 정착하는 치과가 생겨서 좋아요~
직원분들도 원장님들도 친절하십니다",67443974df119891b936cfd9,33iLl,
24.11.23.토,24.11.23.토,1,jm****,친절하게 진료 잘 해 주세요 ~,67413a9a372b023de9f7d749,43eVB,
24.11.20.수,24.11.19.화,2,mir****,"이치료후 3개월후 예약후 재방문 했습니다
여전히 친절하시고 설명 잘해주시고 
원장님이 치료중에도 안심하게 잘해주셔서 좋았네요
평소 양치습관 알려주시고 ㅎ
여직 다러본 치과중 가장 맘편히 치료 받은곳이였네요^^",673dc7f2e60b153797dc4fcd,bYDrF,
24.11.20.수,24.11.19.화,4,nicking,"큰돈이 들까봐 치료도 못하고 고민하다 치료를 받았는데 꼼꼼하고 친절하게 치료해 주셔서 이젠 이빨이 대한 걱정없이 편안하게 지내고 있습니다.

때운 이빨도 아주편하고 좋아요",673dc63d207e70555ff3e8ff,1Ku5v,
24.11.14.목,24.11.14.목,1,삐삐8026,스케일도 진료도 꼼꼼하게 해주시고 친절합니다,67355c40f2622adbd30ba691,ND6E,
24.11.9.토,24.11.9.토,1,UHP,"해외거주중이하 매년 방문해서 잘 검진 받고 갑니다
좋은 서비스에 감사합니다
내년에 또 뵙겠습니다",672ec47a8dc69e102080114e,ZdlU,
24.10.22.화,24.10.19.토,2,zzangcaps,굿,67171f5960d1f3e39dd691d6,1Oxqr,
24.10.14.월,24.10.12.토,1,zzangcaps,굿,670c32369c81728994324da7,1Oxqr,
24.10.11.금,24.10.11.금,1,번냐,유지장치가 떨어져서 방문했는데 친절하게 설명해주시고 진료해주셔서 좋았습니다 ㅎㅎ,6708e035ab478c7d824ef05f,9OA7T,
24.10.7.월,24.10.7.월,2,Biscuit Monster,이번에도 정기검진 및 스케일링 진료 받고왔는데 항상 꼼꼼히 진료해주셔서 치아 상태가 많이 개선되었습니다. 앞으로도 꾸준히 진료받아서 건강한 치아 유지하도록 노력해볼게요^^,67033a7184cf920c672fd292,dcq3q,
24.9.24.화,24.9.24.화,4,Joy lee,"오늘 치아미백 받았는데 너무 하예져서 놀랐어요!!
예쁜 이빨 만들어주셔서 감사합니다🥹🥹💓",66f296d6ca728c15ece24c71,a4Lw4,
24.10.11.금,24.9.20.금,1,sar****,"이사오고 정착을 못했는데 검색하고 방문했는데 원장님도 친절하시구 간호사 선생님들도 엄청 친절하시더라구요!
정착예정입니다😀",6708970b03f28910675084ee,1FzT6,
24.9.19.목,24.9.19.목,1,영블로61,"오픈때 우연히 들려서 다니기 시작했는데
데 선생님 실력 좋으시고 믿음이가요!!
친절하시고 단대오거리역쪽에 치과 갈때 추천해요 🙂",66ebc08bb3eb00520f03a8a5,GJK3,
24.9.2.월,24.9.2.월,1,wildowl,"9.2. 아이들 충치치료 받았어요~ 
치과선생님 설명이 신뢰가 들었고 아이들에게도 하나하나 다정하게 치료해주셔서 무서워하지않고 진료받을수있었어요~ 데스크 선생님들 친절했고, 치과 정착이에요 감사합니다.",66d57f9e6b6191c6f688050f,qzAy,
24.9.2.월,24.9.2.월,1,KHS28,설명도 자세하게 해주시고 친절하세요.^^.,66d566dad278826bbd2cbb05,2K5ZM,
24.8.26.월,24.8.26.월,5,msh****,잇몸 치료를 4회에 걸쳐하고 나니 잇몸 통증이 많이 줄어들고 현재 잇몸에 많이 적응이 되어 딱딱한 음식을 먹는데 조심을 하여 아픈 통증이 나아진것 같고 앞으로 잘 괸리해서 오래도록 사용이 되도록 해야겠네요~~~,66cbddb16c3adb6a8777bb80,5yKSe,
24.9.7.토,24.8.23.금,2,이가현7613,"지갑 정리하다가 영수증 발견!! 충치 치료할 때는 마취주사가 제일 아프다던데 첫진료 때는 진짜 마취주사 하나도 안 아팠고, 두번째 진료 때는 쪼끔 뻐근한 느낌이 들었어요 ! ! 가방도 사물함에다가 넣어놓으라고 안내도 해주시고 다들 친절하셔서 너무 좋았어용 원래 다니던 치과가 서울에 있어서 넘 멀었는데 단오치과가 어머님 지인분이 그렇게 좋다고~ 등떠밀려서 왔는데 좋네용 담에도 그러면 안 되겠디만 충치 생기면 후딱 오겠습니당",66dbd47268baa5bce3ca4daa,au3Pc,
24.8.29.목,24.8.13.화,1,love your self93,"치료할게 많아서 고민 엄청하고 원장님이 쓰시는 블로그 열심히 보다가 예약하고 왔는데 원장님 설명도 명쾌하고 치료도 안아프게 잘 받고있어요. 갈 길이 멀지만 시작이 반이니까 .. 잘부탁드려요😢

(덧, 체어에 앉아서 보이는 뷰도 좋아요!)",66d0020f444a04bdcc1e63b1,1Uy9F,
24.8.10.토,24.8.10.토,1,yun****,치아미백 처음 받아봤는데 친절하고 꼼꼼하게 해주셔서 너무 좋았습니다! 개인차 있겠지만 생각보다 시리지도 않고 너무 만족스러워요 🤍,66b6e252d1b6fe4b3794e9c9,8UB1V,
24.8.10.토,24.8.10.토,1,itsjimin,치아미백 이벤트로 방문했습니다! 너무 친절하게 케어해주셔서 미백 성공적으로 마무리했어요!! 너무 마음에 듭니다~,66b6db3a314db10a5773a074,J7QY,
24.8.11.일,24.8.10.토,4,별나들이32,"우선 치료때마다 안정적인 대응해주셔서 감사해요. 
치과 치료에 굉징히 겁 많은 타입인데... 😌 😌 😌 
꾸준히 치료 잘 받고 있어요.",66b847b6cdf53391fb4df3d6,2EYQy,
24.8.8.목,24.8.3.토,2,응가냄시9,계속 이용하고 있는데 원장님 실력도 좋으시고 다들 친절하세요!! 내부도 쾌적하니 아주 만족합니다:),66b41b1be7b9a8fe5889b033,2EDrI,
24.7.31.수,24.7.31.수,1,이가현7613,충치가 생겨서 방문했습니다!! 어디 치아를 어떻게 치료해야 되는지~ 비용은 얼마인지~ 미리 말씀해 주시고 원장님도 친절하시고 데스크분들도 친절하세용!! 원래 별로면 다른 치과 가려고 했는데 마음에 들어서 바로 진료 받기로 했습니다 ㅠ 일단 치과 진료는 무섭구요 그렇습니다...,66a9b53ad387a34cc436f02e,au3Pc,
24.7.30.화,24.7.22.월,4,msh****,이빨 전체가 시리고 불편하여 7월22일부터 잇몸 치료를 시작하여 처음엔 1/4만 치료를 하고 앞으로 3회 더 치료 예정입니다 치료가 완료되어 봐야 알겠지만 치료한 부위는 통증이 줄어든거 같아 빨리 잇몸 전체가 치료되길 바랍니다~~~,66a834b4e5cf7ccac7045fcf,5yKSe,
24.7.31.수,24.7.17.수,1,ing****,원장님께서 너무 치료 잘해주시고 설명도 친절하게 말씀해주십니다 간호사분들도 모두 일처리가 빠르시고 친절하세요 병원 시설도 매우 깔끔해서 좋습니다,66a9cc50bf3caaaa1f74667f,4Oh4h,
24.7.22.월,24.7.12.금,3,msh****,7월12일 이빨 전체가 시끈거려서 전체를 스케일링하고 치료하여 상태가 나아졌어요,669df4a327c7dc61037b5262,5yKSe,
24.6.25.화,24.6.25.화,1,mir****,"남편이 치료후 너무 잘해주신다고 하셔서 믿고 방문했는데 남편 말대로 친절하시고 상담을 너무나 잘해주십니다  그래서 더 치료하고 싶어지는 그런맘 ㅎ
과잉진료도 없으시구요 
지금 한창 치료중인데 갈때마다 세세히 신경써주시고 해서 좋았습니다
많은 치과중에 탁월한 선택이였습니다^^",667a95cfc08a6a84ccb79312,bYDrF,
24.6.25.화,24.6.25.화,1,miggy35,이야기도 잘 들어주시고 설명도 자세하고 친절하게 해주셨습니다 !! 좋아요 !!,667a762b39cefa49c5acdf17,9jL8z,
24.6.22.토,24.6.21.금,3,nicking,"선생님 집사람 치료 잘 부탁드려요
7월에 이사가는데 가기전에 치료 완료하고 가려구요.

감사합니다.",6676c385765d4048f121bcbd,1Ku5v,
24.6.20.목,24.6.20.목,2,nicking,"오늘로서 신경치료 2번 상하좌우 모든치료 완료했습니다.

깔끔하게 치료해주시고 친절하게 안내해 주셔서 감사합니다. 양치질만 신경써서 하면 노후까지 건강한 치아가질 수 있다는 말씀이 큰 힘이 되네요

담엔 집사람 데리고 갈께요",6673ca961f7420e469185bef,1Ku5v,
24.6.15.토,24.6.15.토,1,잭스패로,친절하고 꼼꼼하게 잘 봐주세요. 재방문 예정입니다.,666cf0d701457fe8b538d6c9,364NW,
24.6.13.목,24.6.13.목,1,wld****,"정말 너무 친절하게 설명해주시고, 스케일링이며 상담까지 완벽하네요!! 동네에 치과 많지만 이곳에 찾아서 올 것 같아요^^ 감사합니다!",666a95df937220e8319c121e,B2T4,
24.6.13.목,24.6.13.목,1,nicking,"이런글 잘 안 쓰는데 적극 추천하고자 글 남깁니다.
치과하면제일걱정되는게 금액이고 과잉진료인데 단오치과는 치료를 해야되는 부분과 보험과 비보험으로 나누어 설명해주고  제일중요한것은 치료를 꼼꼼하게 해주시고 친절하게 설명해 주십니다.  치료 매우 만족합니다

적극 추천하는 치과이니 치과 고민되시면 단오치과로 가보세요.",666a9fe49d5a97a1ce6f7a22,1Ku5v,
24.5.31.금,24.5.31.금,3,별나들이32,"진료 마치고 무척 만족스럽네요. 
충치가 크게 있어서 걱정스러웠는데, 신경치료까지 하지 않고 레진으로 마무리했네요.
^^ 감사합니다. ",66598a154a1a399e05f67b59,2EYQy,
24.6.8.토,24.5.31.금,1,pm9****,너무 이쁘게 잘해주셔서 감사합니다*_*,6663cd59c2377b0f940df345,eNpmO,
24.5.25.토,24.5.25.토,1,won****,"예약없이 운좋게 치료받았답니다
친절하시고 자세하게 꼼꼼 하게 설명 잘해주셔서 넘 감사했어요
감사합니다",66515486ea0ac177895a0a29,2tIMr,
24.5.23.목,24.5.23.목,1,yeonyy,스케일링이랑 충치검진 했는데 꼼꼼하게 봐주셔서 좋아요! 인테리어도 쾌적하고 친절하세요 😄,664ee7701204ef88695d89d5,5ALLo,
24.5.18.토,24.5.18.토,1,팥파라14,원장님이 너무 꼼꼼하고 아프지않게 봐주셔서 매번 너무 만족합니다. 꼭꼭 많이 알려졌으면 좋겠어요!,66481ef33df298940461a3ac,2EUEj,
24.5.17.금,24.5.17.금,3,azx****,"선생님들이    넘  친절하고  아프지않게  치료합니다 ~~
감사합니다 
",6647132e731b58859d5caaae,2bGVwL,
24.5.14.화,24.5.14.화,1,smj****,"ㅎㅎ가격도 합리적이고~ 마취도 안 아프게 아주 잘 해 주시고 ~ 앞니 미백를 위해 새로 가 본 치과인데 완전 만족했습니다!! 
잇몸 상태가 무척 안 좋아서 수술도 했고 치과를 자주 다니는 편인데 이렇게 안 아프게 마취해 주신 곳 처음이네요~ 스케일링 할때도 시리지 않았고요~ 여의사 분이랑 직원 분들 모두 친절해요^^ 
무엇보다 제 치아 상태부터 단계별 치료 과정까지 하나하나 상세하게 설명해 주셔서 마음이 확 놓이더라고요~
심지어 미백 및 크라운 치료 가격도 지난 번 치과에서 받았던 것보다 착하게 나와서 다행이었고요~ 
참고로 집에서 꽤 멀리 있는 치과인데~ 단대오거리역 1번 출구 바로 코 앞 이라 다니기 편리했어요~!
ㅎㅎㅎ 적극 추천합니다~!!!!!!!!",664311bbe6cd525eb3348be9,dONPj,
24.5.14.화,24.5.14.화,1,pks****,시설도 깔끔하고 원장님도 친절하세요!,6642cf362f6b00ce143bc515,4Sn1Y,
24.5.7.화,24.5.7.화,2,azx****,"선생님께서 너무 꼼꼼하게 잘 진료해주십니다~~

",663a27731e5d2e8cd24e790f,2bGVwL,
24.5.7.화,24.5.7.화,1,아인5496,선생님 및 간호사분들이 친절하고 자세히 설명을 잘 해 주세요!!얼마전 이 동네로 이사와서 치과를 어디갈지 고민이었는데 단오치과로 정착해야 겠네요 :),663a1e35a7a96169c07c9941,3N0XY,
24.5.4.토,24.5.4.토,1,별나들이32,"담백한 설명과 진료로 안정 취하면서 
치료받았습니다. 감사합니다.",66362a9877668063ab3a201d,2EYQy,
24.4.27.토,24.4.27.토,1,미송223,병원도 깨끗하고 선생님이 설명 너무 잘해주시고 스케일링 했는데 깔끔하게 되서 좋습니다~~,662c6d93b8fc0c69693be923,6vOmI,
24.4.22.월,24.4.22.월,2,msh****,어금니 크라운 후 꼼꼼하게 점검하고 시리고 아픈 부위를 스케일링 하고 시린메드 치약을 받아 갑니다,662608584872c1d57c0268d0,5yKSe,
24.4.22.월,24.4.22.월,1,yan****,"단언컨대 단대오거리에서 가장 편안하고 친절한 치과라고 할 수 있어요!
저희 할아버지 위례재활서 휠체어 끌고 오셔야 했는데 휠체어 받아주는 치과 찾아보시느라 할머니까지 고생이 많으셨는데, 왕복진료 성사되는 날 저도 조금 도왔지만 서울대 출신 의사선생님 없었으면 이렇게 잘 끝나지도 않았을 거예요.",66260400cf3859bd7056be0f,7qRmF,
24.4.16.화,24.4.16.화,1,Biscuit Monster,"오늘은 치아 스케일링 받으러 갔다왔습니다.
작년 부터 3개월에 한번씩 치아 상태 점검으로 내원중인데 치위생사분들, 원장님 모두 친절하고 꼼꼼히 진료해주셔서 만족합니다.
평소에 치석이나 착색이 자주 생겨서 원장님이 정기 진료를
추천해주셨는데 사진까지 촬영해서 진료 전후 과정을 자세히 보여주시니 더 믿음이 가고 덕분에 치아관리 습관도 많이 개선되었습니다.
",661df9814090e2f0e5c1076d,dcq3q,
24.4.12.금,24.4.12.금,1,ok an draw,"항상 한 명, 한 명 친절하게 진찰해주시고. 과잉진료같은것 없이 건강하게 진찰해주시고 치료해주세요!. 수납해주시고 스케일링 해주시는 분들도 너무 친절하시고 오래 더 잘되었으면 하는 치과에요!! 동네 주민으로써 추천합니다 :)) 오늘도 친절히 잘 진료해주셔서 감사합니다!",66189384aed50489d24975b2,9PQaZ,
24.4.11.목,24.4.8.월,1,반이68,"스케일링으로 방문하여 충치확인 후 치료받았어요
친절한상담과 사진을 보여주면서 세라믹 치료와 레진치료 금액부분도 투명하게 안내해주셔서 좋았습니다.",66177406e5d4936a84a5718c,2bW7N,
24.4.22.월,24.4.8.월,1,azx****,"넘   친절하게    편안하게   진료  받아습니다 ~~
감사합니다 ~~",6625f8fa58208017cc0156a4,2bGVwL,
24.4.6.토,24.4.6.토,2,하노릿,"작년 충치 치료도 잘됐고, 이번엔 시린 이 부분과 깨진 레진 치료도 잘 해주셨어요 스케일링도 안 아프구요!! 이제는 이도 안 시려요 ㅠㅠ 진즉 할걸.. 친절하시고, 사진도 다 찍어서 보여주시고, 설명도 잘 해주시고, 과잉 진료도 없어요~!! ",6610a3512a2f6d0f4b8f2c98,1JvK4,
24.4.3.수,24.4.3.수,1,cha****,"너무너무 이빨이 많이 안좋아서요 금광동 안경점 
빌딩 7층에 위치한  단오치과에 다녀왔습니다 간호사님들께서 엑스레이 촬영해주시는데 친절하고 안심시켜 주시고 상냥하셨어요 여자원장님이 셨누데 자세하게 친절하게 자세하게 설명주시고 우선 치료하고 매꾸는데 진짜 1도 하나도 아푸지 않았어요
예약날4월8일이 기다려 지네요 편안하게 잘치료받았어요
감사합니다 원장님 간호사님들 수고하셨습니다 ",660cf96b13558d063da143b2,2bTO1U,
24.3.30.토,24.3.30.토,3,jiwon9014,"이사와서 새로 정착한 치과인데, 시설이 매우 깨끗합니다.
여자 의사선생님이어서 좋으시고, 간호사분들 모두 친절하도 과한 시술 권유도 없습니다.",66077a6f2e1e75fb6eb4fb82,20DiE,
24.3.23.토,24.3.23.토,5,지음대디71,아이들을 항상 세심히 봐주셔서 가족 치과로 이용하고 있습니다. 과다진료없이 평생 쓸 치아여서 원장님이 직잡 진료해서 신뢰할 수 있고 추적관찰하면서 치아 결손확인 및 진료방안 제시해주셔서 믿고 다니고 있습니다.,65fe442309dbbeb9ff7f3c6d,3Jk9G,
24.3.19.화,24.3.19.화,1,smi****,"임플란트 때문에 갔는데 의사선생님이 친절하시네요.
이가 얼마 남지 않아서 빼는게 어려우셨을텐데
실력이 좋으신지 아프지도 않고 잇몸이 많이 붓거나 하지도 않았어요. 전에 이 치료를 잘못해서 임플란트를 하게 되어서 실력있는 의사가 중요하다 생각하는 사람입니다.",65f943f8b93572acf19b9046,3Q2zX,
24.3.16.토,24.3.16.토,4,핸6368,"치아가 워낙 썩어있었는데, 꼼꼼하게 치료 잘 해주셨습니다!",65f50f3722a91d4f1c757559,2MXGW,
24.3.22.금,24.3.15.금,1,msh****,3월15일 방문하여 시리고 아픈 어금니를 친절하고 꼼꼼하게 잘  치료하였어요,65fce227b277b5dcaed4f126,5yKSe,
24.3.14.목,24.3.13.수,2,캄다리,원장님과 직원분들 모두 친절하시고 치위생사 선생님이 스케일링 정말 꼼꼼히 해주셔서 치아착색과 치석 잘 제거하고 왔습니다:),65f23ae8b4b9a437bf17b2f0,2Yad0,
24.3.8.금,24.3.8.금,2,믿음만수무강,"집근처에 마땅한 치과가 없어서 정착을 못했었는데, 단오치과가 생겨서 너무 좋습니다~~ 
시설도 최신식이라 엄청 쾌적하고 직원분들이랑 원장님 모두 친절하시고 세심하게 잘봐주심니다 
단대오거리 근방 치과는 여기에요~~",65ea8ba54692155f00bf3c72,33iLl,
24.3.4.월,24.3.4.월,1,세상귀여운오리,원래 집 근처에 오래 다니던 치과가 있었는데 선생님께서 은퇴하셔서 치과 유목민 될뻔 하다가 급하게 치과 검진 봐야 할 일이 생겨서 회사 근처에서 검색해서 찾아갔어요~! 치아 상태 꼼꼼하게 사진 다 찍어서 같이 보면서 설명해주시고 친절하셔서 계속 다녀보려고 합니다~! ,65e5a97b88ab1d28c3a1c439,1KNw7,
24.3.2.토,24.3.2.토,3,핸6368,충치 치료 중인데 항상 친절하시고 꼼꼼하게 봐줘서 좋아요~,65e296177aed7ced2a29f531,2MXGW,
24.2.28.수,24.2.28.수,1,밀가루33,"선생님들 인상이 온화하시고 친절하십니다~
꼼꼼히 하나하나 짚어가며 설명해주셔서 편안한 마음으로 당일 치료 받았습니다~! 
치아미백 계획중이였는데 때마침 이벤트도 하고 있네요!! 👍 👍 👍",65dedb9fdc49b2fbdb123318,3JlXR,
24.2.24.토,24.2.24.토,1,12358,"항상 친절하시고,  치료에 필요한 부분 꼼꼼하게 상담해주시고 잘 치료해주세요! 시설도 깨끗하고 깔끔합니당 😆",65d94998eacf04f4007ef111,7sUqk,
24.2.26.월,24.2.23.금,1,주진2,"치과란 어린이들도 무서워하지만.다큰 어른이들도 무섭고 긴장되는것은 똑같은거 같아요~하지만 원장님과 의사 샘분들이 너무 친절하시고 치료할때 마다 자세히 알려주시고 긴장도 풀어주시고 참좋았어요
 제 점수는요~☆☆☆☆☆  5 별 따봉👍 드립니다.!!!",65dc699bd692099a5148a0a1,3RdTr,
24.2.23.금,24.2.23.금,2,핸6368,치위생사님이 친절하세요ㅎㅎ~ ,65d83a0f5dfb0de04d99b987,2MXGW,
24.2.26.월,24.2.13.화,1,openh,"작년 말부터 임플란트때문에 통원하고 있습니다.
물론 예약을 하고 가지만 갈때마다 기다림 없이 친절하게
안내해주시네요. 치료도 매우 정확하게 해주시는것 같고요 치과에 대한 인식이 쫌 바뀐느낌 ᆢ*",65dbe187007b89ee04632d85,1xYlg,
24.2.8.목,24.2.8.목,1,밴ㄴ,"이사하고 시간이 꽤 지나서
집근처 치과를 찾게 되었습니다...
치과 치료 중
항상 자세히 설명을 해주셔서 좋았어요...
치료가 많이 남아서 자주 가야 할것 같아요...
다들 친절하셔서 감사합니다...
담에 뵙겠습니다...
새해 복많이 받으세요...
^^",65c473f92ef1e4d9be982756,29FNY,
24.2.8.목,24.2.5.월,2,렉스스,"치과 정말 무서워해서 피하기만했는데 꼼꼼한 진료와 선생님들 모두 친절하고 편안한 분위기에서 치료 받아 좋았어요.  쫄보로써 편안한 분위기 완전 필수🥲

과잉진료없이 필요한 치료만 권하며 진행상황을 지켜보자고 하고 굳이 당장 필요없는 치료는 권하지않았어요ㅎㅎ
앞으로 쭉 관리 다닐꺼예요☺️
",65c4287bf99edca868ebf67f,2hgjc,
24.2.13.화,24.2.2.금,2,붕어빵왕자,"치과 인테리어나 시설 모두 깔끔하고 밝게 인사해주시는 원장님외 근무자님들 매우 친절하세요
처음 받아본 잇몸치료에  겁을 많이 먹었지만 수월하게
30분 이내로 잘 치료 받았어요 남은 치료 잘 받고 관리 잘해서 큰돈 들어가지 않게 노력해야겠어요",65cafba5fb346baaa0719ac4,cnOrh,
24.2.2.금,24.2.2.금,1,탄산82,직원분들도 원장님도 친절하세요! 치과는 좀 무서운 곳이란 이미지 강한데 여기는 다들 친절하시고 깔끔해서 두려움 없이 다닐 수 있는 곳입니당! 치과 유목민 여기로 정착합니다...🥰,65bc4b5f3868001d6283fff1,5M2Lp,
24.2.1.목,24.1.31.수,3,hin****,"네이버로 예약해서 바로 진료받았구요,
개원한지 얼마안되어서 시설이나 기자재들이
엄청 깨끗합니다.
예전 다녔던 치과가 오래되고 나이가 많으신 남자의사선생님  치과였는데  갑자기 치아가 아파서 방문하려고해도 예약하기가 너무 힘들었고,
갈때마다 마치 녹음기를 틀어놓은것처럼 매번 같은 얘기만 듣다 나오고, 나중에보니 과잉진료도
있었거든요.
치과를 집근처로 옮기고 부터는 젊고 에쁘신 치과선생님 간결하고 정확하게 설명 잘해주시고
치료도 정말 나이스하게 잘해주십니다.
아프고 불편하면 바로 예약해서 치료받을수 있어서
너무 만족스럽게  다니고 있습니다.
함께 일하시는 선생님들도 모두들 친절하세요.
최고로 강추합니다 ~!!!",65bb460715d3f2ef74965c08,5mMnl,
24.1.26.금,24.1.24.수,1,eunmidang,네이버 예약하고 기다림 없이 진료 받을 수 있어서 좋았습니다. 중3아들 치석제거 했는데 친절하게 설명해주셔서 넘 감사했습니다,65b34ad3151fbfd992c8dfd2,10wiW,
24.1.19.금,24.1.19.금,1,lc****,"항상 친절하시고 잘 챙겨주셔서 너무 좋아요!🥹🥹
한 명 한 명 관리해 주시는 거 같아서 안심이 되네요 계속 잘 다닐 예정입니다😺🍀",65a9e9478b28de8a0a51d897,2bOkWm,
24.1.17.수,24.1.17.수,1,스피치11,꼼꼼하게 잘 봐주시고 다들 넘 친절하세요^^b,65a76de62819c902789de8b1,4aDys,
24.1.16.화,24.1.16.화,4,바람아불어라74,"친절하고 꼼꼼하게 잘 봐주세요~~
과잉진료 안하세요 완전 최고예요!!!",65a6573d301e73fbf7108702,6dz7X,
24.3.25.월,24.1.11.목,2,xia****,"시설깨끗하고 선생님 간호사분 다들 너무친절해서 좋아요~~
이번기회에 가족모두 앞으로는 치아도 정기적으로 검사받자하고 병원정했네요~~
꼼꼼히 봐주셔서 젤 좋았네요~~^^",660111443284e2f97d4a6985,4rZUO,
24.1.2.화,24.1.2.화,2,Imbro,"꼼꼼하게 잘봐 주십니다. 부담스러운 영업을 하시지고 않고
꼭필요한거 아직 안필요한거 구분해서 알려주세요.
매번여기옵니다",65939e9f2b0c6b8301860c13,2tsTT,
24.1.2.화,24.1.2.화,2,Joy lee,솔직히 단대오거리 주변 다 가봤는데 여기만 가요 ㅠㅠ 너무 좋음,6593f8dd10973f5fb867f3bd,a4Lw4,
23.12.30.토,23.12.30.토,1,이사링링,직원분들이 친절하게 응해주셨고 진료 해주셔서 덕분에 스케일링 치료 무사히 마칠 수 있었습니다 :) 감사합니다!!,658f93c5caede4f1d7154d67,3bgrP,
24.6.29.토,23.12.28.목,2,생현,직원들이 친절하시고 원장님도 세심하게 치료해주십니다,667f84d85e9023e808834c16,1aTdH,
23.12.27.수,23.12.27.수,1,nov****,"현대적 시설과 간호사님 의사분 모두 친절하세요
스켈링도 꼼꼼히 해주세요",658bd1153f9af1bc06bc362d,e4XPK,
23.12.19.화,23.12.19.화,4,라플라스4,오늘 크라운 치료를 마무리했는데 정말 잘 해주셔서 감사드리고 싶어요. 다른치과들에서 고생 많이하다가 단오치과와서 마무리까지 하게 됐는데 계속 안아프고 잘 쓸 수있으면 좋겠네요. 항상 배려도 잘 해주셔서 감사합니다!,6581490965529e8a29f218f1,1qC6u,
23.12.7.목,23.12.7.목,1,bdj****,"원장님께서 엄청 꼼꼼하고 친절하게 봐주십니다! 양치질을 어떻게 해야하는지도 잘알려주시고, 끝까지 꼼꼼하게 치료해주셔서 감동받았습니다ㅠ.ㅠ 과잉진료 하나없이 치아관리의 중요성도 일깨워주셨어요! 다음에 한국에 들어오면 바로 올게요! 감사합니다 :) ",65716e30216b0e5f3fd87c7e,2bY8NG,
23.12.15.금,23.11.29.수,1,핸6368,시설도 깔끔하고 원장님이랑 치위생사분들 모두 친절해서 좋아요~!,657bbcb03b4569c9ddbbe19f,2MXGW,
23.11.14.화,23.11.14.화,1,프윤,"정기검진 스케일링 받으러 왔어요
예약잡을때나 변경할때나 엄청 친절하셔요
또 무엇보다 꼼꼼하게 진료해주시고 만족스럽게 스케일링 해주셔서 2번째 방문입니다 다음에는 부모님도 모시고 오려구요~",65534d2c2cb35bc7fd27af5c,A4pK,
23.11.11.토,23.11.11.토,1,199****,"작년에이어서 올해도 정기검진으로 방문했습니다!
늘 친절하게 진료해주시고 꼼꼼히 스케일링 해주세요
믿고 방문하는 치과에요!!!
",654ef0e8eb9e47b005cd0719,4P3rm,
23.11.15.수,23.11.10.금,1,juy****,"오랜만에 치과 방문해서 엄청 무서웠는데
스케일링도 안아프고 마취주사도 안아파서 좋았어요.
다른 곳에서 스케일링 처음이 좀 너무 아팠어서 무서워하니까 약하게 마취? 되는 가글도 주시면서 세심하게 치료 해주셔서 재방문해요!
충치 치료 마취주사도 안아프게 잘 놔주시고 1차 마취에 제대로 되었는지 확인하고 2차까지 해주셔서 진짜 안아프게 충치치료했어요 ㅎㅎㅎ
과잉진료도 없어서 좋아용",65542cd721ed1c106d1439e4,aR4D0,
23.10.31.화,23.10.31.화,1,고운528,의사 선생님과 직원분 모두 친절하시고 꼼꼼한 진료해주십니다!,6540ad64acd5cc94dee6d521,3LKhc,
23.10.17.화,23.10.17.화,1,땡글이87,선생님과 간호사님들 모두 친절하게 잘 설명해주시고 진료도 잘 봐주십니다~ 너무 좋아요~^^,652e984f9dd9a93fb0cadf01,1pdbS,
23.10.17.화,23.10.17.화,2,naduyada,"좋아요 만족합니다 
굿",652df5115ab43259016ddda2,nRyQ,
23.10.16.월,23.10.16.월,1,kt1****,"친절하고 깔끔합니다
원장님 설명 명쾌합니다
감사해요^^",652cdb95768cc8d0f8ebb4fb,3gDrH,
23.10.13.금,23.10.13.금,4,리뷰s,"신경치료라 아플까 봐 겁먹었는데 아프지 않게 잘 치료해 주셔서 치과 가는 길이 무섭지 않아요ㅎㅎ 원장님, 직원분들 모두 친절하시고 설명도 잘해주셔서 좋아요 :)",6528b997a0e861a5b36ee718,9MKcg,
23.10.5.목,23.10.4.수,2,소소소71,친절하고 꼼꼼하시고 적당한 치료를 권해주셔서 믿고 갑니다,651e16a17609638c4dd843c7,2BtR3,
23.12.11.월,23.9.23.토,1,momozz,굿,6576441b751668fb64b6b723,iTY7,
23.9.19.화,23.9.16.토,4,지음대디71,"저희 아이가 치과가는 걸 무서워해서 한참을 아이와 실랑이를 해야했었는데 새로 생긴 치과가 친절하다고 해서 서울단오치과를 방문했습니다.

 아이와 살갑게 인사해주시고 씩씩하다고 칭찬해주셔서 아이가 넘 편하게 진료를 받았습니다. 진료 마치고 나서 아이가 서울단오치과는 안 무섭고 친절해서 떼쓰지 않고 오겠다고 이야기하네요.  

자녀가 있는 가족에게 알맞은 치과라고 생각합니다.",6509209569d48b6127daafd3,3Jk9G,
23.9.9.토,23.9.9.토,3,바람아불어라74,"유아 불소도포 하러왔어요~~
너무너무 만족합니다^^!!",64fbd22851c5f590e4b29838,6dz7X,
23.9.6.수,23.8.30.수,2,라플라스4,"언제나 정성스럽게 봐주시고 치료해주셔서 정말 감사합니다!
오늘도 감동했어요~!",64f7b8d846e04136e6198e4a,1qC6u,
23.8.25.금,23.8.24.목,1,라플라스4,"치아때문에 엄청 고생하다가 찾아 갔는데 원장 선생님께서 제 심정을 이해해 주시고 친절히 설명해 주셔서 너무 좋았어요! 신경치료도 안아프게 잘 해주시고, 치과 선생님께 이렇게 감사한 마음을 가진 적은 처음입니다. 우리가족 이제 다른치과 안갈꺼에요!",64e829b18b98acf251dc74bf,1qC6u,
23.8.4.금,23.8.4.금,2,minz53,"스캐일링하러 매번 다니고 있습니다. 깨끗한 시설에 친절한 직원분들, 스케일링 후에도 꼼꼼하게 검사하고 코팅도 해주셔서 좋았습니다.",64cc67f73eb4649d32419f91,5q9dP,
23.8.4.금,23.8.4.금,2,혤0,스케일링 받으러 재방문 했습니다. 항상 친절하시고 시설도 깨끗하네요. 이가 뽀드득해져서 좋네요ㅎㅎ,64cc5e7b9acde77a16f618f9,2r1is,
23.7.31.월,23.7.29.토,4,Mju620,"스켈링 안아프게 꼼꼼히 해주셔서 매우 감사합니다!! 무서웠는뎅 다행히 
나란히 서있는 식물 사진 한번 찍어봤어요 ㅎㅎ 
다음 진료때 봬요! ",64c7a73e3252641553a23971,3hu41,
23.7.30.일,23.7.29.토,1,하이린둥,성남으로 이사를오고 처음으로 방문해본 치과입니다! 평일에는 시간이 낼 수 없어서 토요일 운영하는곳으로 찾아보았구요! 깨끗한 내부에 친절하신 선생님들 만족했습니다:-) 앞으로 잘 다녀볼 수 있을것같아요!,64c606478543c43d26769304,4cDBN,
23.7.27.목,23.7.27.목,1,새벽빛73,오늘이 세 번째 방문이에요 :) 검진차 방문했다가 잇몸에 고름찬 거 발견해서 바로 CT 찍고 치료했어요. 중간에 사진을 계속 찍었었는데 치료 끝나고 사진 하나씩 보면서 자세히 설명해주셔서 좋았어요. 의사선생님과 치위생사 선생님 모두 친절하시고 설명 잘해주세요. 집에서 거리가 좀 있긴 한데 앞으로도 계속 여기로 다닐 거 같아요~,64c22f39afc16b465b932b44,yMml,
23.8.2.수,23.7.26.수,5,JunS93,친절하게 잘 해주세요! ㅎ,64c9cb8e14bd739de9dad3af,7Tjba,
23.7.26.수,23.7.25.화,3,Mju620,"다녀왔는데 시설이나 위생적으로 청결해서 저는 그게 좋았어용 설명도 잘해주시고..
시간이 없어서 스켈링 못하고 왔는데.. 치료 남은거랑 하러 올게요. 토욜에 또 봬여~",64c0c8de1f18c36329791de7,3hu41,
23.7.28.금,23.7.25.화,1,yaa****,"얼마전부터 이가 시리고 아파서 사무실근처 치과알아보다가 우리직원이 얼마전 새로오픈해서 다녀왔는데 시설도 너무깨끗하고 괜찮다고해서 소개받고 치료받으러 방문한건데요~ 의사선생님, 간호사분들도 너무 친절하시고 치료도 안아프게 꼼꼼하게 너무 잘해주시네요~~~ 몇번더 치료받으러 가야되는데 사무실근처에 이렇게 좋은치과가 생겨서 너무 다행입니다!!",64c315cbe6c4f0a26b8cebbf,o4K2,
23.7.15.토,23.7.15.토,1,이쪽일까저쪽일까,좋아요,64b267700aa12d1b39db5f0b,9zSJT,
23.7.17.월,23.7.12.수,1,sh****,"5월부터 진료 받고있는데
친절하고 좋아요
강추",64b4ddbd95f3a27bbac9bc17,fnWR,
23.7.11.화,23.7.11.화,4,JunS93,늘 감사합니다,64acbed174cf38996f55fa9a,7Tjba,
23.7.7.금,23.7.7.금,3,지음대디71,"남은치료하고갑니다
해외다녀와서나머지하려고해요,,,
오늘도꼼꼼히잘해주셔서감사했습니다",64a7ba0b29d07469c69c52b6,3Jk9G,
23.7.11.화,23.7.7.금,3,JunS93,감사합니다!,64acbe97c9c7cf6bae6627ec,7Tjba,
23.7.11.화,23.7.5.수,2,JunS93,자세하게 설명해주시고 친절해서 조아요~,64aca94b31f1b3a193ec4536,7Tjba,
23.7.11.화,23.7.3.월,1,JunS93,오늘도 친절히 감사합니다. ㅎ,64aca97fa06d6a7fd497b1a8,7Tjba,
23.7.3.월,23.6.30.금,2,win****,"친절하게 설명 잘해주시고 섬세하게 봐주셔서 늘 만족스럽습니다.
작년에 검진받고 잇몸 치료받았었는데 많이 좋아져서 이제 미뤘던 교정 치료해볼까 합니다. 
이번에도 안아프고 꼼꼼하게 잘 부탁드립니다.",64a256e32bff4f2fe135ee4b,4fR4K,
23.6.28.수,23.6.23.금,8,이슬59,굿,649b64233ca376e3e7288c8c,2IOLq,
23.6.20.화,23.6.20.화,1,미씨네," 치과를 워낙 무섭고,힘들어해서 미루고 안갔는데 ..소개로갔는데,요기는 여자선생님께서 다행히 안아프게 세심하게 치료를 잘해주셔서 좋았어요~직원분들도 친절하시고 설명도 잘해주셔서 잘다니고 있어요~!^^ ",64914edc356ed03561dd731b,1tj3l,
23.6.24.토,23.6.17.토,1,슬래10,치료 잘 받았습니다~,64965236d56e01428e40582c,2GP2g,
23.6.17.토,23.6.17.토,2,JWPrince,"지난주에 아이검진, 저 검진 잘 받고 남편 충치 치료도 시작했는데 다른치과처럼 일단 치료 강요하지 않으시는 분위기 너무 편안했습니다. 치료잘끝나고 또 리뷰쓰러 올게요~ 단대오거리지하철역에서 완전 가까운거리라서 너무좋아요~ ",648d174a8db5737c9145c979,2OZz,
23.6.19.월,23.6.16.금,4,흡혈마46,"치료 끝냈어요 ㅎㅎ  아직 치료할께 좀있다고 하던데 지켜보자고 해서 임플란트 점검받을때 보기로 했어요. 
생각보다 예쁘게 잘되서ㅋㅋ 리뷰남겨봅니다.
",64901e35e1cf824f9d6c5279,1Jkcz,
23.6.12.월,23.6.10.토,1,JWPrince,"6살아이 정기검진으로 다녀왔어요~~애니메이션 현란한(?) 소아치과만 가다가 대기도 너무길고해서 와봤는데 너무친절하시고 아이도 무섭지 않아하고 중요한건 과잉진료 전혀없이 잘 봐주셨고요~~유치영구치 치아관리 설명도 잘해주셔서 계속 다니려고요~~남편도 저도 받았는데 다른 치과에서 견적 수십만원나온거ㅜㅠ 치료시기, 방법 자세히 잘알려주셔서 믿고 다니려고요!",6486ca7c5dff431272383846,2OZz,
23.6.9.금,23.6.9.금,1,ref****,"치과 치료 오랜만에 갔는데
최대한 아프지 않게 세심하게 케어 해주셔서
오늘 치료 무사히 마치고 왔어요

많이 알아보고 간건데 예쁘게 라미네이트 나왔으면 좋겠네요~!",6482d077ebae0542efaa3447,2PBmU,
23.6.3.토,23.6.3.토,1,lej****,병원 시설도 신설이고 깔끔하고 깨끗해요 ㅎ 의사선생님 직원분 설명도 잘해주시고 안아프게 치료도 잘 해주세요!!ㅎ ,647ab37170927da5aa5888d1,5Ofx5,
23.6.3.토,23.6.3.토,1,푸피핑,친절쓰합니다아,647b14d864a5f8a58c6e4b88,4anFN,
23.6.1.목,23.6.1.목,2,나쁜남자8316,"리뷰쓰면 머쓸까 고민하는데 그냥 생각나는대로 써보면 병원이 깨끗하다. 친절했다. 검진이랑 스케일링 받고나니까 시원하고 대접받는 느낌이었네요 ㅎ
오늘 감사했어요~ 충치지켜보자고 하신건 다음에 아프면 방문할께요.",647852e5adca452fea4c4d23,bGqr,
23.6.19.월,23.5.26.금,3,흡혈마46,"오늘도 치료 잘해주셔서 감사합니다. 
갈때마다 잘 대해주셔서 좋아요 ㅎ
앞니 임플란트 잘 나오길 바랍니다. 부디!!!!!",64901f0161c078c17ed44043,1Jkcz,
23.5.25.목,23.5.22.월,2,흡혈마46,"임플란트 하고 있는데 아프지않고 꼼꼼하게 잘봐주셔서 좋아요.
아직 더 할께 있는데 여기서 계속하려고 합니다. 추천해용~",646ed7ff61ed6db72e35085a,1Jkcz,
23.5.20.토,23.5.19.금,7,이슬59,굿,6467fad39e850da8f5e95ab1,2IOLq,
23.5.9.화,23.5.4.목,6,이슬59,그,64596bd5275b898c2ce9e00f,2IOLq,
23.4.25.화,23.4.25.화,1,Greenkimm,"원장님 (의사선생님) 포함 다른 치위생사 선생님들, 데스크 선생님 너무 친절하시고 설명 잘 해주세요!
이것저것 여쭤봤는데 구체적으로 답변 해주시고 마음이 따뜻해지는 병원입니다 감사합니다🥹🤍",6447a1bbd7848b150e85c7fc,2T5bx,
23.4.28.금,23.4.21.금,5,이슬59,굿,644af8a32c4b8c0735d2f661,2IOLq,
23.4.22.토,23.4.12.수,4,이슬59,굿,6443103562750d2b567cd665,2IOLq,
23.4.11.화,23.4.11.화,3,이슬59,굿,64353bfe6f2501ab14264258,2IOLq,
23.4.11.화,23.4.7.금,2,이슬59,굿,64353c17a61522c7ab0fe5ac,2IOLq,
23.4.16.일,23.4.5.수,1,6lnzl,좋아요,643bd6e1827b5d812ef1ff9d,7pzWf,
23.3.28.화,23.3.28.화,1,캄다리,"처음 방문했는데 의사선생님, 치위생사님 모두 정말 친절하시고 꼼꼼하게 스케일링 해주시고 궁금한 거 질문드리면 친절하게 답해주셨어요. 치과 갈 일 있으면 또 방문하겠습니다:)",6422956eb6df2d6c0ee03741,2Yad0,
22.12.28.수,22.12.28.수,1,newstar324252,"스케일링 진료 보러 다녀왔어요,
직원분들 모두 엄청 친절하고 진료도 꼼꼼하게 잘 봐주세요!",63abb1c8ee4eed3a946d9c4f,Jc3O,
22.12.7.수,22.12.6.화,1,블링2120,꼼꼼하게 사진을 찍어 친절하고 자세하게 설명해주셔서 이해가 잘 되었어요.,638fcade2941cd890348104c,39eLX,
22.12.6.화,22.12.6.화,1,치즈334,"치료 전에 원장님께서 세세하게 진료과정에 대해 설명해주시고, 입 안 사진을 찍어서 원장님과 같이 보며 설명을 들어서 이해하는 것도 쉬웠어요 선생님들도 너무 친절하시고 완전 추천입니다-!",638f049106a8f5c332126f11,3Soro,
22.12.7.수,22.11.29.화,1,siv****,"치아가 깨져서 가까운 치과에 갔는데
과잉 진료 없이 필요한 치료를 자세하게 설명해주셔서 좋았어요~~
치과도 깨끗하고, 원장님, 치위생사 선생님들이 친절했어요~",639065c87335fe4cea51d040,30d3q,
22.11.24.목,22.11.18.금,1,이슬59,굿,637f57c450b9b4a18c498690,2IOLq,
22.11.17.목,22.11.17.목,1,크롱이엄마,친절하게 진료하시고 설명해주셨어요,63758c1d18d5500803867400,1wL8J,
22.11.11.금,22.11.11.금,1,kpwis,"스케일링 이벤트 한다고 해서 갔는데 의사선생님께서 친절하게 진료해주시고 위생사 선생님이 꼼꼼하게 스케일링 해주셨어요. 직 원분들도 친절하세요.
병원시설도  좋고 상세하게 설명 잘 해주세요.",636e0a2d4ce7b731b5865a37,2ordG,
22.11.11.금,22.11.11.금,1,시아니99,"스케일링 이벤트 있어서
처음 가봤어요♡
오픈한지 얼마 안됐는지~~
시설도 깨끗하고 좋네요~~

가장 좋은 건
직원 모두 친절하시고^^
여의사선생님두 이것저것 알려주시구~~
저두 이것저것 물어보구~~
느낌에 과잉진료두 안하시는거  같아^^
내년에 다시 뵙겠습니다^^하고 인사나왔습니다.

오늘 기분 좋게 스케일링했습니다 ^^

♡♡내년에 또 뵙게습니다♡♡",636e097329893bfafb7ee502,RVX0,
22.11.11.금,22.11.3.목,1,흡혈마46,"해외나가는 것 때문에 급하게 부탁 드렸는데꼼꼼하고 친절하게 잘 진행해 주셔서 기분좋게 했습니다.
다음 한국 방문 때 뵙겠습니다!!
",636dbee9be2bf5e7af54973d,1Jkcz,
22.10.26.수,22.10.18.화,1,cao****,예전에 떼운 부분이 마모되어 웬지 구멍이 점점 더 커진것 같아 치료해야 되겠다고 생각하고 있지만 계속 미루고 미루다 우연히 집 근처에 새로 생긴 치과 발견~~~ 여원장님이시고 (개인적으로 웬지 여원장님은 더 꼼꼼하게 잘 봐주실것 같은 느낌^^) 여원장님 너무 친절하시고  보조선생님도 너무 친절하세요~ 💕 여원장님께서 설명하실 때 최대한 이해하기 쉽게 설명도 잘 해주시고 제가 궁금했던 부분도 차근차근 알려주셨어요~전에 시리고 아픈 기억때문에 스케일링도 미뤘는데 이번에 스케일링까지  전반적으로 너무 만족하였습니다~😁 ,635870937e3c5c67c21c8a76,5PfjV,
22.10.20.목,22.10.15.토,1,lee****,"공황장애가 있어 이가아퍼도 참았는데
너무 친절하게 설명 해주시면 치료해주셔서
감사합니다.",6350b32e97520c2260e32235,4GEzs,
22.10.5.수,22.10.5.수,1,min02g5,"직원 의사분 다 친절하시고 과잉진료없으신거같아요~
시설도 깨끗하고좋아요~",633d1c401d0fbb069d742173,2MaIt,
22.10.4.화,22.10.4.화,1,Hanalove,"스케일링 받으러 다녀왔어요
응대해주시는 모든 분들이 친절하셔서 기분 좋게 다녀왔어야
사진 찍어서 현재 치아 상태 확인도 도와주시고 과잉진료도 없으시고 스케일링 후 치실 사용법도 다시 한번 알려주셨어요!
이 근처에 정착할만한 치과를 찾지 못했는데 좋은 치과를 알게되서 좋아요
지금은 임신중이라 나중에 아기낳고 치아 치료할 때 재방문하려구요",633c009b98c80952c316db33,3HIqg,
22.9.25.일,22.9.20.화,1,지음대디71,새로 개원해서 모든 시설과 검사장비가 깨끗하고 최신식이어서 좋아요.  우리아이가 치과가는 거를 두려워했는 데 친절하게 봐주셔서 아이가 앞으로 단오치과로 다니겠다고 하네요,632fbe42e0ea06159bc599d5,3Jk9G,
22.10.4.화,22.9.19.월,3,키르제인,굳,633bd598196a35234d484a6f,45KKg,
22.10.4.화,22.9.15.목,2,키르제인,굳,633bd61e8a86078874c2501b,45KKg,
22.9.14.수,22.9.14.수,1,tnwls6922,집 가까운 곳에 새로 생겨서 가봤는데 진료 친절하게 잘 봐주시고 너무 만족스러웠어요.,6321a5f3e86ea4032948f1b8,3g6W1,
22.9.13.화,22.9.13.화,1,하아나아두울세엣,직원분들 모두 넘 친절하시구 원장님 설명 너무 잘해주시네요ღ’ᴗ’ღ  ,631fed1962277d0e7bfa20b1,3sERQ,
22.9.6.화,22.9.5.월,1,win****,"새로 생겨서 시설이 깔끔하고 좋습니다. 직원분들 모두 친절해서 편안한 마음으로 진료받을 수 있었습니다. 검진 목적으로 방문했는데, 치아 상태에 대해 자세히 잘 설명해주셔서 좋았습니다. 앞으로 치과는 여기로 다녀야겠어요.",6316e1a419c071282b57a8b1,4fR4K,
22.9.2.금,22.9.2.금,1,kwjzzman,이가시려 치과를 가봐야겠다는 생각이들때쯤 당근마켓동네생활글에 새로생긴 단오치과가 친절하고좋다는글을 봤어요.사실 정착한 치과가 없었어서 바로 가봤는데 아주만족합니다. 여러만족 포인트가있는데 일단 스텝분들이 아주친절하십니다 제가쫄보라서 힘드셨을텐데 아주 친절히 잘해주셨어요.그리고 초친차트를 작성시 아픈부위만치료할건지  전체적인검진후 비용과 일정을상담할건지 체크하는부분이 있는데 치과는 큰돈이 나가는곳이므로 미리 견적과 일정을듣고 치료가 필요한 우선수위대로 선택할수 있었던게 마음이 편안하고 치아 전반적인 상태를 알수있어 좋았습니다. 아그리고 처음에치아를 다벌리고 사진을찍고 보여주시는데 할때는 수치스러웠지만 사진을보니 아주객관적으로 확인할수있어 만족스러웠습니다. 선생님들감사합니다.또뵐께요.,631203f34ca780e29ec29c14,2Kows,
22.9.8.목,22.8.31.수,1,Mmmmy67,"집주변에 새롭게 치과가 생겨서
스케일링 받고 교정상담도 받고 왔습니다.
시설도 깔끔하고 간호사분들 너무 친절하시고
스케일링 받는중에도 임신부인데 계속 괜찮은지 컨디션 체크 해주셨어요~~ 
전체적으로 치아상태 점검해주시고 하나는 치료해야되서 레진받고 나머지 치아는 살짝 벗겨진곳이있는데 아직 괜찮다고 해주셔서  과잉진료 안해서 좋았네요ㅎ  치아상태 사진으로 다 찍어서 보여주시면서 교정도 자세하게 설명해주셔서 믿음이 가더라구요~~!
다음에 방문의사 10000000%입니다 ^^ 
변지않는 서비스 부탁드려요ㅎ다음에 또갈게요~!",631956e440d2f888903a778b,2zBrM,
22.9.1.목,22.8.30.화,1,Balower2050,"초등아이 충치신경치료 받았습니다.
아이가 하는말이 마취할때도 치료할때도 아프지않아서 신기하고 좋았다고하네요.
원장님과 직원 모두 상냥하시고 치아상태 치료진행에대해서 세세하고 친절히 설명해주셔서 감사했습니다.
그리고 단오치과의 단오뜻을 알고 작명센스에 감탄했습니다. '단단하고 오래오래' ",631079d1f08e1151e3f3d397,3RJyY,
22.9.19.월,22.8.29.월,2,syoung03,원장님과 치과위생사분들 모두 친절하시고 이것저것 많이 치료했는데 전부 꼼꼼하게 잘 치료해주셔서 만족하고 좋았습니다:)!,6327d2d91cc279b0e95defda,7fYdd,
22.8.26.금,22.8.26.금,1,라라라99,"다른 치과들에서는 이건 이렇게 해야한다, 빨리 결정해야해라 같은 압박감을 주는 느낌이 있는데 여기는 그게 없어서 좋았어요.

또 제가 의심도 과하게 많고 질문도 많은 편인데... 이것저것 물을 때마다 친절하게 설명해주셨습니다.

제가 여기저기서 치과치료를 많이 받아보았는데, 여태까지 가본 치과 중에 가장 좋았습니다.
서울로 이사가서도 여기로 계속 다닐 것 같아요.",630860545c32a9e0a5a4ae9a,3Jn6e,
22.8.2.화,22.8.2.화,1,eun****,"원장님과 치위생사분들 모두 친절하시고 꼼꼼하게 진료해 주셔서 만족했어요! 
단대오거리역 바로 앞에 위치해 있어 접근성도 너무 좋아요! ",62e88589c093dec4b2ea42f5,5duiX,
22.7.27.수,22.7.27.수,1,임가온60,좋음,62e1023af93acc84da23c122,5A2Jg,
22.7.5.화,22.7.5.화,1,쫑유꾸니,굳,62c3d7a582ac70813f2bb849,7HEQO,
22.7.22.금,22.6.29.수,1,권선애11,굿,62dab6eb27692cc9eb5322e9,5AMnB,
22.6.27.월,22.6.27.월,1,minz53,"스케일링 하고 왔어요. 어느 치아가 시린지도 하나하나 확인해주시고, 가글식 마취로 아프지 않고 편안하게 치석 제거하고 왔어요. 시설도 깔끔하고 아늑해서 좋네요.",62b99ca8a35b5d08d60cb3cb,5q9dP,
22.6.30.목,22.6.27.월,1,혤0,스케일링 예약하고 갔다가 간김에 충치치료까지 하고 왔습니다. 늦게 예약했던터라 시간이 많이 늦어졌었는데 끝까지 친절하고 꼼꼼하게 봐주셨습니다.  ,62bd9ca1b0b6727195fd3e23,2r1is,
22.6.27.월,22.6.27.월,1,쭈니8363,새로생긴곳이 여서 그런지 깨끗하고 원장쌤도 친절하세여 스케일링 하고왔는데 아프지않고 피도안나고 앞으로 치과는 단오치과로 정했습당,62b9a4252f12b87d6999ae0b,VCNd,
22.6.27.월,22.6.25.토,1,Mju620,부모님 모시고 스케일링 하러갔는데 설명 잘해주시고 괜찮았어요. ,62b962f16d9c5dae8c5862e3,3hu41,
23.6.1.목,22.6.18.토,1,나쁜남자8316,"리뷰쓰려고보니, 작년에도 방문해서 스케일링 받았었네요. 그때 리뷰를 안올렸는데 이번에 올리려다 보니 리뷰 쓰는게 보여서 써봅니다. 
처음갔을때 개원 이벤트한다고해서 겸사겸사갔었는데 기억이 괜찮았나봐요ㅎㅎ
앞으로도 잘부탁드려요~",64784d671c11a0c5a4f2e786,bGqr,
