# url=https://m.place.naver.com/restaurant/2016309840/review/visitor, place_name=고가담 위례본점
created,visited,visit_count,author_nickname,body,id,author_id,rating
1.1.목,1.1.목,2,fereto,"삼겹살이랑 목살 시켸 넘 맛나 개눈감추듯먹고
또 오겹살 시콌네요 아이가 오겹에 붙어있는 돼지껍데기를 넘 좋아라해요 ㅎ
이곳은 고기가 숙성이라 부드럽고 육즙이 좋아서 감칠맛이 나는곳, 생각나는곳 입니다 ^^",69563fd5315d8f17caec4d59,cy5zU,
25.11.14.금,25.11.14.금,1,sooksook,"금요일
 고기가 먹고싶어 남위례 새로 생긴 고깃집을 찾아 왔는데 친절하고 숙성 고기라 그런지 부드럽고 아이도 잘먹어요!! 고기와 같이 먹을 소스가 다양해서 고기가 쑥쑥 들어가네요 ㅎㅎ 주차도 가능하여 편하게 먹고 가요~~!!! 국수 마지막에 먹으니 개운하네요~~~!",6917091d25060b9192ef21d9,6jjsu,
25.11.10.월,25.11.9.일,1,돈가스좋아하는피자,성남에 놀러올일이생겨서 고기집 맛있는곳 알아보다가 방문했습니다 새로생겨서 인테리어도 깔끔하고 직원이 고기도 구어주다니 너무좋습닏. 고기 질이 너무 좋고 다양한 소스나 반찬모두맛있습니다 김치찌개 꼭드세요 강력추천,6911bff213a46950aea2dfd9,Ne5d,
25.11.3.월,25.11.3.월,1,김느,맛있어서조만간 다시 방문할 예정이예요. 오겹살 목살  둘다 맛있어요. 고기도 야채도 신선하고 맛있어요. 소스도 다양하고 반찬도 푸짐해요. 계란찜까지 맛있어요. 친절하고  매장도 깔끔해요. 적극 추천합니다,6908824c42139c4f1a91c449,2xjuJ,
25.11.20.목,25.11.20.목,1,김예지7021,고기도 너무 친절하고 맛있게 구워주셔서 회사 동료들과 맛있고 편하게 먹고 왔어요!! 밥이 진짜 너어어어무 맛있었어요!! 밥만 먹어도 맛있네요ㅎㅎㅎㅎ 쌈 채소도 다양하게 나와서 좋았어요!! 밑반찬들도 정갈하고 맛있었네요~~ 회사 근처인데 직장동료들이랑 자주 올 것 같아요^^,691ee4e624237082a47d2ef1,4dgbV,
25.12.22.월,25.12.20.토,1,예나물7,"예약하고 다녀왔는데 이제 단골이 될듯🌟✨
너무 맛있구 구워주니 더좋고
직원들 쏘 친절
그리구 애기들이랑 같이갔는데 애기의자랑 포크도있구 애들두 잘먹어서 고기 추가함 ㅋㅋㅋ",6948e8df844c3702fbf1349d,dMvwv,
25.12.17.수,25.12.17.수,1,im****,찬 진짜 깔끔하게 나와요 ㅋㅋㅋ고기도 질이 좋고 딱 알맞게 구워주고 맛납니당! 소스가 많고 밥알쌈장이 짜지도 않아서 푹푹 먹기 좋고 액체소스?는 미나리랑 궁합이 잘맞아요! 그리고 밥 꼭 시켜드세요 밥이 진짜 맛있어요 수향미 섞었다는데 진짜 고소함...,69429c597b4ba0b217f3476a,3kodw,
25.10.20.월,25.10.19.일,1,미네670,새로 생겼길래 가봤는데 개애애맛있어요 고깈ㅋㅋㅋ 이제 중앙광장까지 안 가도 됩니다. 사장님 진짜 넘 친절하시고 고기도 다 구워주시는데 고기 육즙 팡팡 터지고 부드러워요. 쌈도 종류별로 다양하고 반찬도 다 맛있네요. 이제 단골될 것 같아요!!❤️‍🔥,68f59399c778ad255fcd123b,2czfpG,
25.10.19.일,25.10.19.일,1,미깨,"진짜 맛있는 위례고기집 추천합니다! 엄마가 특히나 맛있으시다고 또오자고 하시네요! 찬도 너무맛있고 고기는 냄새없이 고소하고 쫀득해요~ 고기도 맛있지만 우렁된장찌개랑 보리쌈장이 굳굳굳
특히 바질하고 쌈싸먹으니까 풍미가 진짜 굿입니다 ✨✨",68f47198256bd2fc4e6bd29b,3HCI7,
25.10.18.토,25.10.18.토,1,스프레이,"오랜만에 진짜 맛난 삼겹살 먹었어요🩷
오죽하면 추가까지 했어요 ㅎㅎ오픈한지 오래되지 않은 것 같은데 잘되셨우면 좋겠어요 ㅎㅎ
겉은 바삭하고 속은 쵹쵹해서 고기 넘 마싯고 계란찜도 맛나규
김치말이국수도 존맛이에옹 고기먹을때 추천입니당",68f37061d77cd8ed862c49ef,2CWT,
25.12.17.수,25.12.13.토,1,HS4686,"늦은 점심 시간이라 ㅠ 브레이크 타임에 걸려 열고 있는 
가게가 없어서
겨우 찾아서 들어왔는데 고기 질도 너무 좋고
반찬과 야채 종류도 다양해서 먹는동안 지루한 느낌도 없이 깔 끔하게 식사도 했습니다.
직접 구워주시고 친절하게 응대 해주셔서 즐거운 식사시간 이였습니다!",6942503536a0404b0c061fee,2vF57,
25.10.21.화,25.10.15.수,1,jui****,새로생겼다고해서 방문해봤는데 고기도 맛있게 잘구워주고 고기도 맛있고 서비스도 너무 좋아서 또 방문하고 싶어요!!! 찌개도 맛있다고하던데 저는 김치말이 냉국수를 먹어서 아쉽지만 다음에 찌개 먹으로 방문해보려고합니다!!,68f765fced9deabad5ba0129,2bvJ8h,
25.11.23.일,25.11.23.일,4,라리링린,"고기를 구워주셔서 편하게 먹기만하면 되서 좋아요~ 재방문하면 음료수를 서비스로 줘서 안올 이유가 없어요 
고기도 맛있습니다~!",6922dbcaabf0d89a3d84fc29,64w96,
25.10.12.일,25.10.12.일,1,pjh****,"고기도 직접 다 구워주시는데다가 정말 친절하세요. 반찬도 다 맛있고 아이 친화적, 여성친화적입니다.
센스 가득하게 아기식기, 아기용 계란찜, 이유식  데우기 있구요. 치실,가글 뿐만아니라 화장실엔 여성생리대도 잇어요. 임산부는 무알콜맥주가 공짜인 곳이에요. 정말 모든 곳에서 배려가 느껴지고 맛도 최고입니다.",68eb92f7c39576efd7595e72,44dUh,
25.11.2.일,25.11.2.일,1,tjd****,와이프랑 밥먹으러 다녀왔습니다!! 예약하고 갔는데 세팅을 미리 이쁘게 해주셔서 보자마자 기분 좋았구요!! 고기도 너무 맛있었습니다 버섯을 호일에 감싸서 구워서 먹게 해주시는데 새롭고 맛있었어요!!,69074406b476fbfa2a475716,39yCZ,
25.12.22.월,25.12.22.월,2,예나물7,"처음간건데 생각보다 너무맛있었늠💫
애기들이랑 또 갈게용",6948e93289935af5ffa46973,dMvwv,
25.10.23.목,25.10.18.토,1,미니쭈용용,"너무너무 맛있어요 !! 분위기도 좋고 고기도 처음부터 끝까지 다 구워주시고! 짱이네욥 ㅎㅎ 여기저기 미친센스들 최고구요 위례고기집 고가담에 싹 발릴듯 ㅋㅋㅋ 목살 쫀득쫀득하니 먹어본 목살 중 가히 엄지척이네요
퍽퍽하지않고 쫀득육즙팡팡!! 또 방문하고싶어요!",68f9cceddf4eea46ae90fb18,63LLN,
25.11.28.금,25.11.28.금,1,테크곰,너무 맛있어요 고기도 다 구워주시고 친절하게 안내해주셔서 편하고 즐거운 분위기에서 먹을 수 있었네요.양도 많아서 배부르게 잘 먹었습니다,69297b0045a806b25078515e,2KxnX,
25.10.26.일,25.10.25.토,1,애기토끼86,"새로생겨서 들려본 위례고기집.

숙성고기라서 더 맛있고 처음부터 다 구워주셔서 더 편하고 맛있게 먹고 왔어요.

쫄깃고소 두툼한 목살 정말 최고로 맛있었어요 ㅎㅎ
또 방문하겠습니다 번창하세요 ^^",68fdd975f2ced277fe0a75f7,1Y5se,
25.10.30.목,25.10.29.수,1,msg직딩,"밑반찬도 아주 많이 나오고 파절임 아주 꿀맛이에요!
된찌도 건더기 너무 많아서 굿.
냉면이 없어서 아쉬웠지만 김치말이국수가 있어사 괜츈!
잘먹엇다욤!",69037c991690dea84639c84d,2ZaBX,
25.12.19.금,25.12.19.금,1,맛슐랭l즐거우리,"고기가 맛있는 곳 고가담!!

그릴링 서비스가 예술인 곳입니다☺️
쌈채소가 다양하고 달걀찜 등 다양한 서비스가 구비되어있어, 남녀노소 즐기기 좋네요😆

다음에 또 올게요❤️",694519b636229565c1e20a0a,dnb32,
25.11.8.토,25.11.8.토,1,앙큼이4,"나오자마자 먹느라 바빠서 다먹고 숨돌린 사진만 있네요;; 
이택지 한바퀴 돌다가 끌리는집으로 들어간건데 최고의 선택이었어요 👍🏻  아이도 고기 잘라준거 다먹고 계란찜 그릇까지 싹싹 긁어먹었어요.",690f0f097dcf2282af02c4e6,15rqr,
25.12.19.금,25.12.17.수,1,Seoul리뷰어,"고기가 정말 맛있는 곳❤️
쌈채도 다양하고
함께 먹을 양념이 다양해서 좋았어요🥰

아이랑 오기에도 좋은곳입니다❤️👍",6945167b413ca59907f307f2,3pJN9,
25.10.8.수,25.10.8.수,1,kim****,위례 올 일 있어서 왔다가 고기가 먹고 싶어서 들어왔는데 너무 만족스러운 식사였습니다 사장님과 직원들도 너무 친절하시고 사장님이 고기를 구워주셨는데 거의 오마카세급으로 신경써주셔서 넘 좋았습니다 다음에도 위례 올 일 생기면 방문하겠습니다!!,68e653936d1d470138a97e91,8iEyZ,
25.11.28.금,25.11.28.금,1,ichliebesy1,얼마전 첫방문후에 고기도 맛있게 구워주시고 야채랑 반찬이랑 너무 신선하고 맛있어서 지인가족데리고 두번째 방문했어요 직원들도 너무 친절하고 제기준 위례 원탑입니다~~ 자주 올게요,692982da03daec2f230ead7e,2nLJS,
25.12.31.수,25.12.29.월,1,Bluesky76,매장이 깔끔하고 이것저것 할인혜택도 많고 거기도 두꺼워 육즙을 잘 느낄 수 있어용!!,6954fe16782deb5309056085,3Fv4v,
25.10.6.월,25.10.6.월,2,768898,두 번째 방문입니다 ㅎㅎ 저번에 고기를 너무 맛있게 먹었던 기억에 오늘도 방문했어요 역시 고기 질 미쳤고요 염지(?)를 한 건지 쌈장을 따로 찍지 않아도 짭쪼롬하니 맛있더라고요 그리고 오늘은 치즈계란찜 시켰는데 오분만에 순삭; 레시피 훔치고 싶을 정도로 맛있었어요,68e36e8c8db6ff9258362d87,kxAq,
25.12.27.토,25.12.27.토,1,roc****,인터넷 보고 처음 와봤는데 너무 친절하시고 고기가 다 맛있네요!! 애용 하려고요~,694f9120062ae26d0f6fb489,3NEge,
25.10.19.일,25.10.19.일,1,qazaa11,지인 추천으로 와봤는데 너무 맛있어요! 38주차 임산분데 임신기간동안 무알콜 맥주 있는 고깃집 처음이에요 심지어 무료제공 감동 ㅠㅠ 남편도 너무 맛있다고해서 자주 올 것 같아요 :),68f4c294620051d7cfce0dae,3XsFd,
25.12.12.금,25.12.11.목,1,yy1****,편하게 맛있게 너무 잘먹었습니다 재방문의사있어용,693be920a849c28351874771,d0ozg,
25.11.28.금,25.11.28.금,1,허소현변호사,주차도 편하고 고기도 맛있어요 식사도요ㅎ 반찬도 다양하게 많이 나오고 목살 먹었는데 단백고소~~ 무엇보다 정말 친절하게 응대해주셔서 행복한 식사였어요 다음에 또 올게요,69297b00aa8906af6058b529,6srp9,
25.11.29.토,25.11.29.토,2,김느,"재방문입니다. 너무 맛있어요. 친절하고, 깨끗해요. 서비스도 좋아요.",692ae22db633b6fd95ef16ae,2xjuJ,
25.11.7.금,25.10.31.금,1,HINGCHI,맛있고 친절하고 다양해서 너무 좋더라구요!! 임산부 무알콜 맥주 무료라니ㅎㅎ 넘나 행복,690d8387d1f6078427faf627,4EFPY,
25.11.7.금,25.11.7.금,1,이나연1429,"밑반찬들 퀄리티도 좋고 서비스도 좋아요!!!
매장도 깔끔해서 또 오고 싶어요!!",690ddfb4eea8fe44cadb42b8,6iV5V,
25.10.14.화,25.10.13.월,1,twerp9993,"당근에서 주기적으로 칭찬 글이 올라와서 광고아니고 진짜인지 확인차 와봤습니다
같이 간 동행이 반찬에 진짜 예민한데 반찬 다 맛있다고 했고 저는 삼겹살 맛있게 먹었습니다!",68edc4d80a89a685ba9b7228,ky8c,
25.12.24.수,25.12.24.수,3,근성가이,또왔습니다~너무 맛있네요ㅎ,694bc0ba3acb1950f257f949,1dMoc,
25.11.15.토,25.11.14.금,6,백설공주184,낚시질 쿠폰 보내지 마세요. 사용할 수 있는것처럼 보내고  계산때 사용못하네요. 사용하지 않음 누르라네요. 야채 상태도 예전 같지 않고 실망입니다,69184fcc8f51a235936ae518,JTkT,
25.11.14.금,25.11.14.금,1,jb63,새로 생긴 곳이라 와봤는데 고기도 너무 부드럽고 맛있어요. 직원분들도 친절하셔서 기분 좋게 먹고가요!,691708c3927db1ac28ec683d,18Dy8,
25.8.28.목,25.8.27.수,1,담520,서일로마을에 새로 오픈해서  오며가며 궁금했는데 오길 너무 잘함 밑반찬도 정갈하고 쌈장 너무 맛있고 쌈채소 다양해서 너무 좋음 특히 생바질 미쳤어요ㅠㅠㅠㅠㅠ 고기도 구워주시고 사이드도 다 맛깔남 수향미 들어간 공기밥도 맛있음ㅠㅠㅠ 공간도 쾌적!!,68b031299384c1a5651c2f23,4Baf,
25.11.30.일,25.11.29.토,2,bbuddung,재방문한 곳인데 남편이나 저나 너무 좋아해요!!! 반찬도 맛있고 사이드메뉴까지 완벽!!!,692bb1318b631427d6a23976,dfmIx,
25.8.31.일,25.8.31.일,1,fereto,"고기육질이 넘 부드러워요
숙성고기라서 그런지 입안에서 살살녹고
칼집을 넣어 더욱 부드럽고 맛나네요 ^^
보리쌈장과 바질야채가 넘 신선하고 맛났어요~ 전번적으로 깔끔하고 깨끗하고 고기육질이 최고네요 자주 방문할듯요 ^^",68b422eb44b1e66c51279404,cy5zU,
25.11.8.토,25.11.8.토,1,너구리는개굴,너무 맛있어요 두툼한 고기에 직접 구워주셔서 드 맛있어요 다시 방문 하고 싶어요 번창하세요,690f148da70fcc8cbad6110b,157Ud,
25.8.22.금,25.8.22.금,1,희도리짱,"사장님,찐 단골 예약할께요~^^

1.손님에 대한 예우
2.바질이 포함된 신선한 야채와 정갈한 사이드
3.풍미좋은 고기를 맛깔나게 구워주심
4.주류 이벤트로 한병에990원~
5.위생적이며 세심한 배려가 있는 화장실",68a83b578bed42803ed4a0d6,3MWbk,
25.10.15.수,25.10.13.월,1,꿍7774,고가 담 다녀왔는데 내부도 엄청 깔끔하고 직원 분도 진짜 친절하셨어요 그리고 고기는 진짜 말할 것도 없이 너무 맛있구요 그리고 야채쌈도 엄청 다양하게 주셔서 정말 좋았습니다!!,68ef22effdf1c400a7167737,1DXSV,
25.10.17.금,25.10.17.금,1,소  니,"도보 1분거리 거주.
근처 고깃집 상당히 많음.
신규 오픈해서 방문함.
솔직히.. 맛있음 근처 비슷한 가격대의 고깃집많은데
서비스좋고 반찬맛있고 직원들 개친절함.
재방문의사있음 👍",68f23b604674032d1a2c4040,1UtX5,
25.11.22.토,25.11.22.토,1,얼죽아30,"직접 구워주시는 고기 넘 맛있어요~
찍어먹을 소스류도 다양하고 미나리, 묵은지 있는것두 너무 좋아요!!!!
밥도 맛있어요 공기밥 꼭 시켜서 드셔보세요~~ 추천입니당",692199e635ae0000cf187a02,2GRST,
25.12.24.수,25.12.24.수,1,sia****,처음 왔는데 너무 친절하시고 고기도 직접 구워주셔서 좋았습니다 :),694bde780a52b6a238bafa32,am78W,
25.11.14.금,25.11.14.금,1,쩌녕,동네에 고깃집이 새로 생겨서 우연히 방문했는데 고기도 맛있고 직원분들도 너무 친절해서 기분이 좋았습니다!!! 아이랑 같이 식당가기 힘든데 아기를 위한 서비스에 감동받고 갑니다 🥹🫶,69170f1f439379c9934c516f,1FePm,
25.11.8.토,25.11.8.토,5,백설공주184,언제나 고기 맛있고 친절하시고 너무 좋아요~,690f0cb4fa7f534bdc71ee56,JTkT,
25.10.11.토,25.10.11.토,1,DPT,"N번째 오는 삼겹살 맛집..
너무 맛있게 잘먹었습니다.
김치찌개가 킥인데 못찍어서 아쉽
항정살 삼겹살 김치찌개 조합 강추",68ea4c272e7e956dc927d778,307Y5,
25.10.22.수,25.10.22.수,1,가리나,"새로생긴 집이어서 방문했는데 맛있습니다.

찬 구성도 좋고 강추요

다음에 가족과 함께 또 올게요",68f8c0e944b4969664e23fc2,35BYh,
25.12.27.토,25.12.27.토,2,sy6****,"친절 하시고
음식이 맛있어요~",694f8e4def1be091e51beafd,dsTgq,
25.11.18.화,25.11.18.화,3,초코2324,"넘맛있어서 1주일만에 2번째 방문했어요 ㅎㅎ
오늘도 역시나 맛있네요! 
다음에 또올게요!",691c56a5a09aac772fd0d184,1auUr,
25.11.25.화,25.11.25.화,1,래빗5119,"아이고 너무 맛있어서 다먹은 사진만 남깁니다
동네 새로 생겼다고 해서 왔는데 인생 고깃집!!!
단골 예약합니당 ㅎㅎㅎ
다음에 또 올게요",69259aeed2273ffceeaff9d5,2kXOx,
25.10.20.월,25.10.20.월,2,단본맘,"맛있어서 예약하고
또 방문
목살 삼겹살 향정살
그리고 계란찜
김치찌개도 완전 맛있어요

대박나세요 사장님",68f619084418c552d02eeb68,1ZBRa,
25.10.8.수,25.10.8.수,1,kuhehet,"동네에 새로 생겨서 와봤는데 기대 이상으로 너무너무 맛있게 먹었어요🤩
고기질도 좋고, 양념 소스/ 쌈채소 다양하고, 사이드로 나오는 음식들도 맛있네요😋
사장님도 정말 친절 하세요~ 기분좋게 먹고 갑니다
번창하세요☺️",68e61e12d5241398cf1787b7,2ntYN,
25.10.10.금,25.10.10.금,1,나나몽쓰,"남위례에 언제 이런 맛집이 생겼됴
٩(๑’o‘๑)۶ 고기도 맛있지만, 다양한 반찬과 찌개가 고기와 즐기기에 너무 좋았다능..♡",68e8ce1a2822c09dab55b6f5,1SJah,
25.11.10.월,25.11.10.월,1,kjsl1105,"여자친구랑 성남놀러와서 찾아온 새로생긴곳
폭식했습니다 고기 질이 너무 좋고 직원도 너무
친절햇습니다 다음애 재방문 의사 백프로에요
김치찌개 강력추천",6911c0169d83bf90ae51cc30,19ZYb,
25.11.18.화,25.11.18.화,1,두부9128,맛있다는 소문듣고 왔는데 너무 맛있게 잘 먹었어요! 반찬도 다양하고 고기 직접 구워주셔서 편하게 먹을 수 있었습니다~ 위례에 맛있는 고깃집이 생겨서 좋아요♡,691c56d2b3923594c94d5038,431Dw,
25.12.12.금,25.12.12.금,2,키득키득ㅎ,고기 일일히 다구워주시고 분위기도 좋고 맛나요~!!,693bff9a797ff18b8c9bbb9d,1aTnZ,
25.12.26.금,25.12.19.금,1,kte1116,"남위례  삼겹살 맛집입니다.
쌈이 다양하고 고기도 부드러워요.
직접 구워주는 서비스와
종업원분들이 정말 친절합니다.",694e1a57a5c81643700ddaa8,1euDu,
25.11.19.수,25.11.19.수,1,필쏘굿237,"고기상태 육즙, 미나리, 반찬 모두 최고!!
고기 직접구워줘요~~ 젊은사람들 하는만큼
재방문의사 있습니다!!
회식장소 추천!!",691da0040895703394106887,7P0Dw,
25.11.20.목,25.11.20.목,1,기마현119,직원분들이 다들 친절하고 고기도 잘 구워주셔요!그리고 맛이 너무 좋아요!! 고기도 밥도! 밥이 진짜 맛잇어요...🥹 밑반찬도 다 맛있었습니다. 싹싹 긁어먹어요~,691ee51b4f51d3436be64f01,aWNx,
25.12.12.금,25.12.12.금,1,채몽42,"둘이서 왔는데 양이 많아서 배부르게 먹고갑니다 서비스 많이주셔서 감사해용 !! 
이번이 두번째 방문입니당 ㅎㅎ 자주올게요 번창하세요",693bffea06db37441f2cbae4,3kfTm,
25.12.27.토,25.12.26.금,1,sy6****,"직원분 친절 하시고~
음식이 너무 맛있어요~~",694f8ee97f3f71b73164c93b,dsTgq,
25.10.3.금,25.10.3.금,1,mk4608,"고기 퀄리티
오겹살 삼겹살 목살을 주문했는데, 고기가 두툼하면서도 육즙이 꽉 차 있었어요. 불판에 올리자마자 기름이 지글지글 떨어지며 나는 소리가 정말 식욕을 자극했습니다. 직원분께서 도와주셔서 태울 걱정 없이 먹을 수 있었던 점도 만족스러웠습니다.

밑반찬 & 서비스
쌈 채소가 신선했고, 특히 직접 담근 듯한 양파무침이 고기와 궁합이 딱 맞았습니다. 서비스로 나온 김치찌개도 국물 맛이 깊어서 밥 한 공기 뚝딱 먹을 정도였어요. 무엇보다 직원분들이 고기 익힘 상태나 테이블 상황을 자주 살펴주셔서 편하게 식사할 수 있었습니다.",68dfb962c8622e6c4738e809,3z4P7,
25.9.20.토,25.9.20.토,1,768898,고기 질이 미쳤어요 육질이 촉촉하고 부드러워서 계속 들어감;; 함께 구워주시는 미나리도 상콤하니 고기랑 잘 어울렸어요. 고기랑 찍어 먹는 쌈장이 보리?? 넣은 거 같던데 맛있더라고요 그리구 된장찌개 꼭 드세요 우렁 양이 미챳음...,68ce88ab0e5ab6f17fca43c9,kxAq,
25.10.17.금,25.10.17.금,1,단본맘,"완전 강추예요
고기도 맛있고 
반찬 소스 다 맛있어요
고기도 맛있게 구워주셔서 
대만족",68f214de70a8bcd45c017752,1ZBRa,
25.12.12.금,25.12.11.목,2,케이터89,너무 친절하시고 고기도 맛있고 아이에게 친절해서 자주 오는 곳입니다!,693be94f997ff73b3111a2be,1CuPO,
25.9.18.목,25.9.18.목,1,seb****,"고깃집이 새로 오픈해서 가격도 괜찮길래 방문했어요. 직원분들이 직접 고기를 구워주셔서 편하게 먹을 수 있었고, 무엇보다도 고기 질도 좋아서 만족스러웠요. 특히 레몬소금에 찍어 먹으니 너무 맛있어서 계속 손이 갔습니다👍 사이드로 육회 시켜봤는데 신선하고 맛있어서 너무 좋았네요ㅎㅎ 이번엔 돼지고기만 먹었는데, 다음엔 소고기도 먹으러 다시 방문할게요!☺️",68cbf657d583bc4af6ab4f59,aAuJu,
25.12.17.수,25.12.12.금,1,iqldj,"동네 걸으며 궁금했던 식당인데 기회가 되어서 왔습니다. 고기 구워주셔서 넘 좋구 친절하세요!! 야채도 다양하게 많아서 정말 좋고, 고기도 신선합니다 !!",69425048d1704a72b1e9c270,2xwb7,
25.11.18.화,25.11.18.화,2,우당탕탕주홍,"고기 맛있게먹느라 사진찍는걸 깜짝했어요
일주일만에 다시왔어요 칼집 목살 꼭 드세요ㅠㅠ
계란찜도 꼭 드새요",691c569b9dd291b1f2e88ba1,1I6If,
25.10.20.월,25.10.20.월,1,지넌스블로그,고기도 구워주시고 반찬도 정말 맛있어요.!,68f61b6d069efc5c42fb11e2,PH1c,
25.11.15.토,25.11.14.금,6,rez****,자주 이용하는 고깃집입니당. 고기질 너무 좋고 신선하고 친절하고 만족 대만족 입니당,691851e6a6a2e74c2ee941c3,3V7YC,
25.11.1.토,25.11.1.토,1,ㅅㅅ옷,고기도 너무 맛있고 쌈 종류도 많고 소스도 맛있어요 무엇보다 맛있게 구워주셔서 짱! 동네에 돼지고기집 많은데 여기가 제일 맛있는 거 같아요!,6905d70383ea27ca57c2a71e,ixTG,
25.11.1.토,25.11.1.토,1,yesungkim82,"일단 공기밥부터 드셔보세요. 맛있고, 메뉴 하나하나에 많은 노력이 들어간 게 보입니다. 고기도 맛있고, 반찬도 정말 맛있어요. 몇 가지는 진짜 개맛있네요. 추천합니다.",6905d64c96ae763c6f6ed816,EP1D,
25.11.11.화,25.11.8.토,1,초코2324,"정말 너무 맛있습니다!
칼집삼겹살 마니아인데 칼집목살까지 있다고해서 와봤어요
통항정살까지 잘 먹고갑니다!!
반찬야채 계란찜까지 너무잘나오네요
또올게요!",6913045a539b48a03037c8c5,1auUr,
25.11.18.화,25.11.18.화,1,럭키꼬알,직원분이 친절하시고 고기 넘맛있어요!! 소스도 다양하고 맛있어서 재방문 의사있습니다,691c567edb6005b08a57a106,2cD5OD,
25.10.31.금,25.10.31.금,3,칸스7,고기가  맛있네요.그래서   올때마다  사람들로 북적이네요.쌈채소와 소스가 다양합니다.사장님직원분들 모두  친절하시고 빠릿하십니다^^,690495fc67a2ee282f2593f2,143tv,
25.11.7.금,25.11.7.금,2,dod****,"지난 추석때 먹고 계속 생각나 오늘왔는데
역시 신선하고 맛있어요 ㅎㅎ",690d78cef58c0360c7d050df,3EiNj,
25.11.28.금,25.11.28.금,1,eun****,"너어어무 맛있어요^^ 서비스도 최고입니다!!!
위례 맛집 인정!!",6929774f3eb871b41ce4566a,3M2D6,
25.9.30.화,25.9.29.월,1,마이리틀포니,"오늘 부모님 결혼기념일이라 특별한 곳에서 저녁먹으려고 했는데, 여기 잘온것 같아요!! 고기도 직접구워주신다고 하시고 쌈도 종류별로 질 좋은 것 가져다주시네요. 보리쌈장도 신기하고 고기 완전 맛있습니다!☆ 부모님 두분도 모두 만족~ 특별한날을 더욱 특별하게 만들어주셔서 감사해요~ 또 올게요",68dbd83062ad122d13a80227,8B1DU,
25.9.16.화,25.9.7.일,1,dai****,"직원분들이 밝게 맞아주셔서 시작부터 기분이 좋았는데, 고기 맛까지…😳
첫 입 먹고 바로 ‘와..’ 소리 나왔네요
여태 먹어본 고기 중 Top이라 해도 될 정도예요!!!
아직은 오픈 초기라 평일엔 웨이팅 없이 들어갈 수 있었는데, 주말엔 이미 웨이팅이 있더라구요 한적하게 즐기고 싶으시면 평일 저녁에 가시는 걸 추천합니다👍
아 그리고, 매장 내부나 화장실에 손님들을 배려한 물품들 너무 좋아요!!💓💓 세심한 센스에 또 한 번 감동먹고 갑니당
 번창하셔서 2호점, 3호점도 꼭 내주세요!!",68c91d88c2dac121804976b0,2bHrRM,
25.10.13.월,25.10.13.월,1,smlove321081,동네에 새로생긴 고기집이라서 와봤어요 맛도좋고 사이드 음식들도 훌륭해요~~ 재방문하겠습니다!!,68ec7d669cec17eed8a7debb,23er4,
25.12.17.수,25.12.17.수,1,loo****,맛있다고 소문나서 남위례까지 와봤는데 진짜 맛있습니다 고기 두껍고 부드럽고 반찬 찌개 다 맛잇어요잘 먹었습니다👍,69429c9424a67a45df2a20f3,64iEp,
1.2.금,1.2.금,1,사비14,숙성고기집이 별로 없어서 와봤는데 맛있어요~특히 목살 육향 좋고 쫀득해요~다 구워주는 집이고 직원분들 모두 엄청 친절합니다,69579a99e198c28445f12534,2JfJK,
1.2.금,1.2.금,1,whd****,직원분들이 친절하고 고기도 맛있어요~,69579b45deae56bf06b371ee,1pGFi,
25.9.9.화,25.9.9.화,2,es322745,"삼겹살.항정살  여전히 맛있네요.전엔  먹느라 못 봤던 서비스존이 있네요.
고기 먹은후 마실꺼리랑 페브리즈.치실.가글까지 준비 된것을 보니 사장님 센스 짱입니다.",68c00044a57711ffff5b8995,1On3w,
25.12.9.화,25.12.9.화,1,swj****,"고기가 너무 맛있고 직접 구워주셔서 너무 편했어요!!!
다음에 또 방문할 거 같아요!!!",69380107849fae515edaebd9,b906i,
25.8.19.화,25.8.19.화,1,ehd****,"위례에 새로 개업한 고기집이 있어, 직장 동료분들과 회식겸 방문 했어요!
서일로 부근 회식 매니아로써,, 갔던 고깃집 중 여기가 3순위 안에 듭니다,,(사장님과 직원분들이 너무 친절하셨어요..)
동료들도 모두 만족하네요
반찬 차림도 너무 정갈하고, 다양하게도 나오는데 제일 좋았던 건 쌈인거 같아요*_*
아! 그리고 가시면 찌개는 꼭 드셔보세요.. 미쳤습니다
회식한다면 재방문 의사 1000%입니다!
(고기는 구워주시던데 그래서 좋은 것도 있어요 ㅎㅎ;)",68a4700dad5f81578fd11c9b,5zXIS,
25.10.19.일,25.10.18.토,1,bbuddung,"https://m.blog.naver.com/jinlihyeri/224045720806

쌈도 6종이나 나오고 무엇보다 삼겹살 목살 진짜 맛있어요!!! 목살이 퍽퍽하지도않고 사르르 녹아버림🖤",68f41edb6cdaf5ef98937dfc,dfmIx,
25.11.22.토,25.11.21.금,1,추교진42,고기가 맛있어요! 신선해요. 음.. 단골이 될것같아요!! ㅋㅋ,6920ca37a4e1da353213c7db,6wlmj,
25.12.4.목,25.12.4.목,1,sje****,"회사근처에 새로 생겨서 점심으로만 먹다가 회식은소 와봤는데, 고기질이 좋네요!! 맛있어요",6931624b919e22a17f5669df,lHtu,
25.11.7.금,25.11.7.금,2,spe****,"맛이좋아요 !!

재방문입니다 ㅎㅎ",690d79be5ee46e4dd0b3886c,9VPRC,
25.10.8.수,25.10.8.수,1,dan****,집 근처에 이렇게 맛있는 고깃집이 생겨서 너무 좋네요😁 직원분들도 친절하시고 세심한 부분들까지 고민한 게 보이는 곳이네요. 음식 하나하나에 정성이 담겨 있네요ㅎㅎ 잘 먹고 갑니다 😋😋😋,68e61e0641dc0d27e615136c,1JJbU,
25.10.4.토,25.9.26.금,2,kgy6526,오픈 이벤트로 방문하고 너무 깔끔하고 맛있어서 예약 후 재방문 했습니다! 오늘도 너무 친절하게 잘 구워주셔서 만족하고 갑니다:),68e1167d19031e16f98268e1,48noi,
25.9.10.수,25.9.10.수,1,grey74,오픈한지  얼마 안되서 왔는데 너무 맛있어서 재방문했는데 역시 그대로 맛있네요.!!! 진짜 친절하시고 프리젠테이션 좋고 깨끗하고 맛있고.! 너무 강추.!!!!,68c134e41ba9fd19eed163bf,5VwxD,
25.10.19.일,25.10.19.일,1,hyzzzz,"고기 장난아니네여 👍🏻 넘 맛있게 잘 먹었습니다 ~!~ 
고기도 직접 구워주시구 친절하셔서 기분좋은 식사하고 가용 !!",68f4bac32a86efed928972ef,5HZfa,
25.12.12.금,25.12.11.목,2,랩소디46,"자주 오는 곳인데 너무 맛있어요!!! 
항상 만족합니다!",693be925be2b9f57bfae4273,407QS,
25.11.22.토,25.11.22.토,1,조양래20,신선한 야채와 고기가 정말맛있어요!,692192d9e3c33bf20821a2e1,1FqV6,
25.10.19.일,25.10.18.토,1,lyh****,"고기도 맛있고 반찬도 맛있었습니다!
사장님도 친절하셔서 기분좋게 저녁식사 맛있게 하고갑니다 ㅎㅎ 
잘먹었습니다~",68f4b9601f076296ef39a8bb,1hdoX,
25.8.26.화,25.8.26.화,1,신미98,"애들 둘 데리고와도 부담없고..
맥주 무슨일이에요 ㅋ 8월말까지 올꺼구요~
고기도 맛있고 반찬도 정간, 깔끔해요
번창하세요~^^",68ad9f748f947c4be6c309dc,2xl00,
25.11.11.화,25.11.11.화,1,우당탕탕주홍,"고기도 너무 맛있는데 미나리 구운것도 조합이..👍🏻
계란찜도 진짜맛있어요 정신없이 먹음 진짜",6913059ecd5e98403f146c6a,1I6If,
25.8.27.수,25.8.27.수,1,머어때용,"쌈채소도 다양하고 신선해요! 고기도 맛있습니다
꾸워주셔서 더 좋아요~ 직원분들도 친절합니다
소스 중에 보리된장 안짜고 맛있어요👍🏻",68aed7cccb5d8f49c1e6d9be,2fLQN,
25.12.24.수,25.12.24.수,1,dls****,"세트메뉴 구성도 좋고
맛있네욤 ㅎㅎ",694bde2ab0ae3d1cc96a5ecd,4KApd,
25.10.31.금,25.10.31.금,3,es322745,오겹살.항정살 맛있어요.친절하신 사장님이 맛있게 구워주셔요.,69049548721b4ebf49e6cb88,1On3w,
25.10.17.금,25.10.17.금,1,letter2787,오겹살 겉바속촉 목살 육즙 가득해서 고기 너무 맛있어요 ㅎㅎ 구워주셔서 편해요! 쌈야채가 다양해서 인상적이에요 쌈밥집처럼 보리쌈장도 맛있어요~~ 반찬이 다양해서 다채로워요 김치찌개 꼭드셔보세요 건더기가 너무 많아서 국물이 없어보일 정도에요 위례 맛집 인증이여,68f23bcb74e24770902b3f71,1Dv1v,
25.9.18.목,25.9.18.목,1,song71,"고기 질이 아주좋습니다! 찬구성도 너무좋구요 사이드도 맛있는게 엄청많아서 자주올거같아요 !!
게다가 미나리까지 나와서 최고입니다!!",68cbe6cec1d641fb45c8a936,3jH58,
25.11.5.수,25.11.5.수,1,dja****,앞으로 위례 고기는 고가담💜 진짜 너무 맛있아서 계속 오는 중입니닼ㅋㅋㅋㅋㅋㅋㅋㅋ 고기도 구워줘요 진짜 최고 아이들도 잘 먹어요 !!!! 칼집내서 완전 부드라워요 대박나세요,690ac7b8d057403a056f0621,3oFDq,
25.9.4.목,25.9.4.목,1,moon29,"오픈 이벤트에 오고싶었는데..못와서 아쉬웠는데
15일까지 연장 이벤트 해주셔서 왔는데 역시 입소문처럼 맛있네요!! 고기가 부드러워서 교정하고 있는 저희집 두 남자분들도 아주 만족한곳입니다",68b9662cff719cc4b9879cc2,5SEXt,
25.9.12.금,25.9.12.금,1,14t****,"첫 방문인데 너무나 만족하고 갑니다. 쌈채소도 좋고 특히 고기가 너무 맛있어요 또 맛있게 구워주십니다. 치즈계란찜 서비스로 먹었는데 너무 맛있었어요 
새로운 맛집을 알게되어 너무 좋아요!!",68c3f4e9646d4dc1ae54ac91,ghYO,
25.9.3.수,25.9.3.수,1,검은콩5830,"첫방문인데  음식퀄리티며 너무좋네요!!
거기다 소주맥주1500원이라니!!! 가성비너무좋아요
야채도싱싱하고 아기계란찜도 무료입니다ㅜㅜ
앞으로자주이용할게요!!!!된찌도서비스예용",68b8133d0f4567acfaabb5e9,1YhBT,
25.9.19.금,25.9.19.금,1,bob****,"고기가 엄청 맛있고 짛이 좋아요
간이 되어있어서 양념장 안찍어도 감칠맛있고 좋아요 굿굿",68cd1b3bde57d74319c8bdaf,6V5le,
25.12.11.목,25.12.11.목,2,did****,위례에 친구들이랑 놀러왔는데 야채도 많고 고기도 맛있다 해서 먹었는데 진짜 맛있습니다 숯향도 좋고 야채랑 소스도 많아서 물리는 맛 없이 정말 잘 먹었습니다,693abd5480810886058c4dd9,bA6q3,
25.10.15.수,25.10.15.수,2,인파이터48,"남위례역 근처 고기집을 찾으신다면 추천합니다
숙성고기에 직접 구워주시기때문에 즐기기만 하면 됩니다
사장님 알바님 다 친절하세요",68ef7f4cbb92358e22b9be91,2RGXS,
25.8.31.일,25.8.31.일,1,jjae2472,"저번 방문시에늨 오겹살보단 삼겹살이 맛있었어요.
그래서 이번엔 삼겹살과 목살 시켜봤어요. 상추쌈 다양하게 많이 주어서 어르신들이 좋아할 것 같네요. 오픈 이벤트 감사해요",68b41e8d701eb065a23214a4,cqQ0E,
25.11.2.일,25.11.2.일,1,KARA91,"고기도 맛있고 구워줘서 좋아요!!
아이도 너무 맛있다고 밥을 잘 먹네요💓",6907289c2535282555c91c89,2WDs6,
25.12.11.목,25.12.11.목,1,이승진16,고기가 맛있네요 다음에 또 오고싶어요,693abe6da28b90cea51dc33d,9JQ9X,
25.10.24.금,25.10.24.금,1,hsj2150,"목살, 삼겹... 둘다 맛있어요.
특히 계란찜... 드셔 보세요~^^ 된장찌개도~~",68fb47703abc04be884d4310,2b2vR,
25.10.14.화,25.10.13.월,1,kgm****,밥도 맛있고. 된장찌개 넘맛있어요. 고기도 넘맛있고 가격도 부담안가고 정말맛집같아요,68edc3df81105f0adfdb383e,63BDU,
25.10.13.월,25.10.13.월,2,skj****,"직원분들 항상 친절하세요.
위례에서 가장 기억에 오래 남는 고깃집이 되길 바랍니다!",68ece2312b48c1523137f5f3,1biNL,
25.10.13.월,25.10.13.월,2,jjae2472,"N번째 방문입니다.
맛있고 친절해 좋아요!
다양한 이벤트로 자꾸 오게 만드시네요 ㅎㅎ",68ece1ddfdf1c400a7b6eb14,cqQ0E,
25.12.11.목,25.12.10.수,1,tjs****,친절하시고 기분이좋아요 서비스 좋고 고기 존맛탱,693abfa70d0961b1c222954e,cG9NL,
25.12.11.목,25.12.10.수,1,내친구포밍뿌l,"친구 통해서 와봤는데, 친절하시고 다 좋아요 ~
다음에 또 올게요.",693abf69d801c01f2555d53d,7tMOa,
25.11.25.화,25.11.25.화,1,7229,"위례 고기 맛집이에요!
음식도 맛있고 직원분들도 친절하셔서 기분 좋은 저녁시간이었습니다!",69259adb8696a754decf417c,410Jh,
25.10.14.화,25.10.13.월,3,foto,비 오는 날 저녁 맛있게 먹고 왔습니다,68ed9039006197b9392aba4a,2Ala,
25.11.8.토,25.11.8.토,1,멍이46,직접구워줘서 좋아요~ 고기가 두꺼워서 맛있어요,690f13a730cc370401a8bf83,2sBFm,
25.12.31.수,25.12.27.토,1,민병민72,"고기가 정말 맛있고, 직원분이 직접 끝까지 구워주셔서 편하고 좋아요! 가족 식사 장소로 추천합니다",695503e45348466a2fac3c28,3OJC0,
25.9.18.목,25.9.18.목,1,밤낮으로라면,매장이 청결하고 고기도 직접 구워주셔서 너무좋아요!! 고기도 좋은부위쓰시는거같구 사이드도 맛있는거 많습니다 ㅎㅎ자주올게요,68cbe79d61cfcfc09eb833ad,3isoH,
25.12.4.목,25.12.4.목,1,cure3026,고기가 맛있어요 추천합니다,6931625ae2776332e339da9d,1MVYJ,
25.9.12.금,25.9.12.금,1,인파이터48,"남위례역에 제대로된 고기집이 나타났습니다
메뉴 하나하나 신선하고 반찬으로 갓김치가 나옵니다
갓김치가 신선한 갓의맛이 느껴지는 상품입니다
고기도 직접 구워주시고 곁들임 훌륭합니다
삼겹이랑 오겹이랑 항정살 먹었는데 다 좋았고 다음주에는 소고기를 먹으러 와야할거 같습니다
사이드로시킨 계란찜과 김치찌게만 드셔봐도 만족하실겁니다 강추합니다",68c3fed837e7d0712a3a1462,2RGXS,
25.12.9.화,25.12.6.토,1,jin****,"고가담 고기는 정말 말이필요없을정도로 맛있습니다
고기도 집적구워주시고 어떻게 먹어야 맛있는지 다 알려주십니다
다음에 또 방문해야겠습니다
많이들 오세요!!",693801028c7c183dbc2e8709,d2Dj9,
25.11.29.토,25.11.29.토,2,근성가이,n차 방문했습니다 풍부한 퀄리티에 오늘도 감동합니다~,692ad7ea9d58069061447988,1dMoc,
25.10.17.금,25.10.17.금,1,jhy****,오겹살까지 고기 잡내 하나도 안나고 맛있어요! 미친 갓김치 때문에 라면 땡겨요,68f23135bf4e9fa97a0ef28a,diBBD,
25.11.20.목,25.11.20.목,2,thd****,두번째 방문인데 서비스도 주시고 고기도 너무 맛있었어요 !!,691ee55bd8815bd7515a961b,3kurb,
25.8.29.금,25.8.29.금,1,Whbdj,"위례에도 드디어 이런집이 드라이에이징 고기 미쳤고
반찬하나하나가 정갈 넘쳐서 좋았습니다
재재 방문예정",68b1b160b22ae3333ef7c0c8,3uEMP,
25.8.26.화,25.8.26.화,1,es322745,새로오픈한 곳이네요.지나가다 들렀는데 삼겹살 맛있어요.직접 고기를 구워주시고 직원분들이 모두  친절하시니 먹는내내 기분좋게 먹었습니다.,68ad8ca41d8842c7b6576c0a,1On3w,
25.11.3.월,25.11.3.월,1,근성가이,육질이 부드럽고 맛있네요 자주 올께요ㅎ,6908761b8e04726716c7d32b,1dMoc,
25.11.14.금,25.11.14.금,1,ldh****,아이랑 별 생각없이 왔는데 고기 맛있어서 놀랬어요 다른 재료들도 신선하고 자주 올 것 같아요,69170f0b37ccf4c736182527,1ALIH,
25.12.1.월,25.12.1.월,1,xzosvn,"위례10년 살았는데 여기 고깃집이 제일 맛있어요..😋
고기도 맛있게 구워주시고 직원분도 친절해서 고기먹으면 고가담 올 것 같아요 할인 이벤트같은 것도 많아서 좋은 거 같아요~~~!_!",692d145bebc48dc5c04177c8,buVD1,
25.11.5.수,25.11.5.수,1,sie****,고기도 넘 신선하구 다 구워주셔서 넘 맛나게 잘먹엇어요 🫢🫢,690b362b63a138dd87fccbdd,4kmyg,
25.8.22.금,25.8.22.금,1,js6733,새로오픈한 고기집인데 고기도 맛있고 쌈도 다양하고 특히 보리쌈장이 별미예요😋👍,68a85a441b9dca623fb403f0,p0QZ,
25.10.7.화,25.10.7.화,1,sha****,"최근 다녀온 고기집중에 제일 맛있게 먹었어요.
반찬,소스,야채 구성도 다양하고 맛있고 친절하세요~ 다음에 또 올게요~",68e4faf53a6c62fd81bc4d27,2czKor,
25.12.5.금,25.12.5.금,1,랩소디46,"폭풍식사하고 갑니다!
아기도 너무 잘먹어요!! 단골예약!",6932af216869725145949ed8,407QS,
25.9.10.수,25.9.10.수,1,foxxi,"이번 주에만 벌써 두 번째 방문이네요😊
동네에 만족스러운 고기집이 생겨서 좋아요!
가족단위로 오기도 좋아요
내부도 깔끔하고, 고기 맛도 물론 맛있습니다👍
특히 공깃밥이 다른 곳보다 비싸긴 해도 한 번 먹어보면 왜 비싼지 알 수 있는 맛이에요 ^^
또 올게요🙌",68c15ad638c194bdf1d65a8f,4m173,
25.10.8.수,25.10.8.수,4,백설공주184,언제와도 맛있어요~ 여전히 고기질 좋고 오늘은 조용해서 분위기도 좋아요~,68e63459eb1a394f79ef811f,JTkT,
25.11.20.목,25.11.20.목,1,옥수수181,죄송합니다 다 먹고 생각났어요 그정돕니다 대존맛이라는 뜻이죠 삼겹살 꼭드세요!!!,691ee46e793f224d841595a1,4xwt8,
25.11.20.목,25.11.20.목,1,cnl****,2번째 방문입니다 직접 구워주시고 아기랑 가면 무료로 계란찜도 제공해주셔서 너무 좋아요🤍,691eeff6d8a22849ddef357b,6brug,
25.8.22.금,25.8.22.금,1,공정한 비고츠키,"우선 감동 버튼 누르고 갑니다.
분위기, 서비스, 맛, 청결 모두 굿입니다.
테토남이 긴말 안하는데 이럴정도라면?
추전박고 갑니다",68a8461ce31c1333a6669401,5SFaX,
25.10.11.토,25.10.11.토,1,sky021012,맛도 좋고 직접 구워주셔서 더욱 좋았습니다 자주 이용할거 같아요 번창하세요~~^^,68ea423b70e3ad10f2b49e16,1rj4W,
25.11.28.금,25.11.28.금,1,yeseulnim,너무 맛잇고 푸짐해써용🩷 친절하시고 직접 구워주셔서 맛잇게 먹을수 잇오여 특별할때 단체로 가도 좋을거같아용 자주 오고싶어용☺️🥰🩷😍😍,692969609ea51ad5ccd51a50,bTXNA,
25.10.17.금,25.10.16.목,1,신신손,숙성고기의 참맛을 느끼고 사장님의 고기 구워주는 고품질의 고기맛을 느낄 수 있었던 고깃집이었습니다.,68f222fd256bd2fc4ef50dd4,6moHK,
25.10.20.월,25.10.20.월,2,달토끼6737,"오늘로 2번째방문 맛있는 저녁  배부르게 먹고갑니다

항상 번창하세요^^",68f61b626c46bbd3c15f0d13,1ZG5r,
25.11.5.수,25.11.5.수,1,코쟁이50,아직 안와 보신 분들 꼭 오셔서 드셔보세요 진짜 맛있습니다!!!👍 고기랑 김치찌개 진짜 미쳤어요,690ac708414a93cc7e2242af,4WCQP,
25.10.11.토,25.10.11.토,1,천상무한,고기 맛도 좋고 환경도 깨끗해서 자주 이용할거 같습니다 번창하세여~%^^,68ea40e7750a0d3b0a3b0c27,2B2vv,
25.9.6.토,25.9.6.토,1,qwe****,"두번째 방문인데 고기사진은 없구요~
사진찍을시간도 아까울정도로 고기 너무 맛있어요
구워주시는건 사랑♡
육회는 자극적이지 않고 너무맛있어요
고기도 맛있지만 육회도 강추입니다♡",68bc0bf561c7948a9bb3ce8e,3mtdo,
25.12.10.수,25.12.10.수,1,천재승우,"직접구워주셔서 넘 편하게....맛있
게 잘 먹었답니다^^",69393de06179ca9b956dcd84,2ErQx,
25.10.7.화,25.10.7.화,1,a2eeee,"음식도 맛있고 친절하시고 깔끔해요. 
맛, 친절, 청결 삼박자 완벽하네요. 
재방문 의사 있습니다.",68e4fac3b8001da000ba34d6,4gAV0,
25.12.11.목,25.12.11.목,1,누나84,간단하게 먹으러 왔는데 밥도 맛있고 반찬도 다양하네요 무엇보다 화장실이 너무 잘 꾸며져 있어요,693abf12afcbfce4960121a4,6fy6T,
25.12.11.목,25.12.11.목,1,양선우3,직장동료랑 같이 밥 먹으러 왔는데 직원들도 친절하고 반찬도 잘 나와 잘 먹었습니다,693abe6e2892a1ac6ab6f0d5,6zmwE,
25.10.19.일,25.10.19.일,1,djw****,고기가 진짜 맛있어요 잘 구워주셔서 편하게 먹었습니다 ^_^👍👍,68f4bef3ff32d4de556f9a11,9M3ht,
25.9.9.화,25.9.9.화,1,Msvvvvv,"오늘 신랑이랑 함께 삼겹살집에 다녀왔는데, 정말 만족스러운 시간이었어요.
고기부터 반찬까지 하나하나 정성이 느껴졌고, 특히 삼겹살은 육즙이 가득하고 잡내 없이 깔끔해서 계속 손이 갔습니다. 신선한 야채랑 곁들여 먹으니 느끼하지 않고 건강하게 즐길 수 있었어요.

무엇보다 감동했던 건 임산부도 함께 배려해주는 메뉴가 준비되어 있었다는 점이에요. 무알콜 음료가 있어서 저도 신랑이랑 같은 분위기를 즐길 수 있었고, 덕분에 더 특별한 식사가 되었습니다. 세심한 배려 덕분에 마음까지 편안해졌어요.

신랑도 맛있다고 엄지척 했고, 저 역시 임산부라 외식에 조금 민감한 편인데 이곳은 안심하고 즐길 수 있었습니다. 앞으로도 자주 오고 싶은 가게예요. 맛도 서비스도 만족스러워서 다른 분들께도 자신 있게 추천합니다! 💕",68c016ebf32b19fe76a28b9f,36RsC,
25.11.21.금,25.11.21.금,1,Navi17,믿고 가는 고가담! 반찬부터 고기까지 부족한 부분 없이 너무 맛있었습니다 :),69204e3cf8a444ae8078d255,9grs2,
25.10.19.일,25.10.19.일,1,냥꼬,"임신한 와이프가 와보고싶다고해서 방문했는데, 정말 맛있네요! 집 바로 앞에도 고깃집 많지만 앞으로 고가담으로 자주 오게 될 것 같아요. 고기도 직접 구워주셔서좋습니다^^",68f4c258682d8eba38a0c0a1,1kmW,
25.12.6.토,25.12.6.토,1,eeuya,"너무 맛있고 친절해요!
두 번째 방문인데 잘 구워주시고 고기가 너무 좋네요!!",6933f4cc4785c4e74179d28c,an2u8,
25.9.1.월,25.8.31.일,1,DESIRE98,"넘모 맛있어서 빈그릇뿐이네요 🤣
새로 오픈한 가게라 서비스도 좋고
대박 맛집 인정합니다!",68b580f485c517e3f50e6949,1iU51,
25.9.12.금,25.9.12.금,1,harulily,"지난주 2시간 웨이팅하여 방문한 고깃집보다 퀄 좋은 나만 알고싶은 동네맛집 👍 
사장님 so 친절 ㅎㅎ 친해지고 싶어요ㅎㅎ🙏
또올게요 ㅋ",68c3fe8cfa26da63ed7e1bf2,1ua1b,
25.9.3.수,25.9.3.수,1,ves****,"처음방문했는데 먹을것도풍부하고 너무좋네요
아이랑 방문하기너무좋은곳이예요. 서비스도넘치고 직원분들너무친절합니다 다음번에 무조건 재방문할것같아요!!!고기도맛있네요",68b818bb5e1634c7b108bec1,4BqN7,
25.9.4.목,25.9.4.목,1,Hihihi61,새로 오픈한곳이라서 왔는데. 죄송할정도로 서비스가 좋습니다. 삼겹살만 먹었는데 고기도 잘구워주시고 부드럽고 맛있어요~~고사리김치찌개도 맛있어요~~,68b96557d8b6e5c15ac13cc4,2M0Ek,
25.10.12.일,25.10.12.일,1,냥륭이,"너무 친절하고 서비스도 많이 주셨어요!! 
아주아주 대만족하고 가요^^
사장님 손이 엄청 빠르셔서 고기도 빨리 구우시더라구요 😄 감사합니다 덕분에 즐거운 저녁 먹었습니다!",68eb9c4fd2a1c82987f6ac7d,4jyBv,
25.9.11.목,25.9.11.목,2,라리링린,"생일 주간에 오면 육회도 서비스로 주세요~
고기도 맛있고 다 구워주셔서 편하게 먹을수있어요",68c2a780423c13042cb6ad3a,64w96,
25.10.19.일,25.10.19.일,3,라리링린,고기를 구워주셔서 편하게 먹기 좋아요~ 항정살 맛있어요,68f4d941d62af641db0889b1,64w96,
25.10.5.일,25.10.5.일,1,spe****,맛있어요!! 다음에 또올거에요,68e1f69a110de584c8aa4587,9VPRC,
25.8.23.토,25.8.23.토,1,캬캬캬73,"고기도 맛있도 직원분도 친절하세요
화장실에도 고급향수와 치실 가글까지..
정성으로 관리한다는 느낌이 느껴지는 곳입니다",68a9855098a02104b995319b,2sp0l,
25.11.8.토,25.11.8.토,1,killme666,맛있게 잘먹고 갑니다.,690f098733ce303196480ec9,154Et,
25.9.27.토,25.9.27.토,3,vocalhoo,"진짜 여기 이런곳이 왜 이제 나왔냐구요ㅋㅋㅋㅋ
평범한듯 안평범하고 부담스럽지 않게 친절하고 고기 너무 맛있어요
숙성고기라는데 목살이 이렇게 부드러운건 첨이였슴..
최고!!!!!!
다음 데이트때도 또옵니다
부모님 모시고도 올거에요",68d79707dc56fdbe950a9034,3rujP,
25.9.6.토,25.9.6.토,1,돈들어손내놔,"고기가 신선하고 육즙 팡팡! 밑반찬들도 맛있어요
재방문 확률 200%",68bc10707af6bf292c710f90,1PCFF,
25.10.13.월,25.10.13.월,1,서905,두번째 방문이에요!! 맛있어요!!,68ecce9316ce1799cc7f6cee,330mr,
25.9.1.월,25.8.31.일,1,유블리1420,"맛있게 잘먹었어용 
오픈이벤트로 술도 저렴하게먹을수있었어용 굿굿",68b5a5cdc6eeeb7776625a52,209ko,
25.10.7.화,25.10.7.화,1,호로록2277,"직접구워주셔서 편해요
친절하구 맛있어서 자주 올꺼같은 식당입니다!!",68e4f594ec1226d2bdae3420,hgh1,
25.11.8.토,25.11.8.토,2,nks691490,두번째 방문인데 사장님 친절하시고 고기정말맛있어요,690f1bdfed4aef8136fd63a1,3U8ma,
25.9.6.토,25.9.6.토,1,dpw****,"고기가 참 맛있어요
다만, 김치가 없어서 조금 당황...
그래도 고기는 참 맛있어요!!
다만, 일반 삼겹살집 생각하면 안될듯해요
양념장이라던지 색다르고 특별해요
그래도 고기는 참 맛나요",68bbff91b768374b32dd19e3,3tERb,
25.8.27.수,25.8.27.수,1,라리링린,밑반찬도 다양하게 나오고 고기도 다 구워주셔서  편하게 먹기만 해도 되서 좋아요~ 지나가다 발견했는데 오픈이벤트 중이네요 ! 자주 와야겠어요,68aee8d49ade37f575c05799,64w96,
25.10.5.일,25.10.5.일,1,나울보,직원분들 너무 친절하고 맛있어요,68e1f63fb6e9f2865361959f,4BXm6,
25.12.11.목,25.12.10.수,1,opk****,고기 질도 좋고 분위기도 좋아서 시간 날 때마다 다시 찾아갈 것 같아요,693abf73f01e3f43b4f6d658,6TCNQ,
25.9.11.목,25.9.11.목,2,dc****,음식이 맛있어서 재방문입니다!!,68c2a7e259d3939d7fdd1710,4hal1,
25.11.2.일,25.11.2.일,1,batderi,"너무 맛있게 잘 먹었습니다
재방문 의사 100%입니다",6907296ebb0c87314aabb46d,3ylrN,
25.10.15.수,25.10.15.수,1,초롱4457,맛있어요 ㅎㅎ 직원분들도 친절하세요,68ef8e76bf6ac866d328cb30,1xfJC,
25.11.5.수,25.11.5.수,1,Comicom,고기도 실하구 양념장도 다양해서 조았어용 ㅎㅎㅎ 자주 올 예정입니다 😆,690b36bb25504cc984b9b621,30nnI,
25.8.23.토,25.8.23.토,1,cws****,"직원분들도 친절하시고 고기 맛도 좋아요!!!
청결하고 가격도 합리적입니다 :) 남위례 맛집 추천요!",68a984f9369beb59ac3204f7,1AcgE,
25.8.23.토,25.8.23.토,1,LemonRevolution,"맛있습니다! 가격도 좋고, 청결하고, 메뉴도 알차고 좋습니다! 육회도 엄청 맛있습니다!!
고기는 말 할 것도 없습니다! 굿굿!!
직장 회식으로도 추천합니다!",68a985a8b831bb3fb44b0faf,6xiNP,
25.9.9.화,25.9.9.화,2,칸스7,재방문입니다.고기랑 함께먹는 쌈채소도 다양하고 소스도 다양해서 좋아요.뭣보다 고기가 맛있습니다..그리고 김치말이국수 완전 맛있어요^^,68c00712b876c8bf2e1e63d9,143tv,
25.9.1.월,25.9.1.월,1,뚱이354,"간만에 맛있는 집생겼네요
찌개며 쌀이며 반찬김치등
목살 안좋아하는데 여긴 목살 맛집이네요
직원분도 친절하시고 잘 구워주시고요
손님이 많아 가게 잘 되서 동내가 활기차졌으면 좋겠습니다",68b58212594c9a1b35fb5fa2,1Nsy7,
25.12.6.토,25.12.6.토,1,예빈002,맛있었습니다!! 데이트 하기 좋아요,6934032e5d259891e8a95e10,9sUp0,
25.10.18.토,25.10.18.토,1,latte171107,가게 분위기도 너무 좋고 청결했으며 직원분들도 너무 친절 하셨어요:) 목살과 김치찌개 다들 꼭 드셔보세요!,68f309dd35fb47d651bae87b,8QC1O,
25.10.8.수,25.10.8.수,4,rez****,"언제나 실망시키지 않는곳이에요, 고기 맛있고 다른 반찬도 육회도 맛있어요~",68e6359839e310e1b3ab2112,3V7YC,
25.10.17.금,25.10.17.금,1,달토끼6737,"금요일 오후 비내리는 퇴근길에 들른 맛집입니다^^

직원분들 친절하시고 고기도 신선하네요

맛있는 한끼 즐거워요~~",68f21547535c98764438306d,1ZG5r,
25.8.28.목,25.8.28.목,1,망치가조아,"집 근처 새로 생겨서 방문!
고기 양도 푸짐하고 밑반찬도 다양해요!
쌈채소도 종류 여러가지라 좋았고
사이드 메뉴 중에 고사리 김치찌개!
정말 맛있으니까 추천!
쌀밥도 짱 맛있움!",68b0307b6411e34f3729e7fc,3Uwwr,
25.10.1.수,25.10.1.수,1,땅코니0626,직접 구워주시고 사이드 메뉴도 맛있어요 🖤,68dcede218699fd2aa71ada6,3p9oB,
25.9.5.금,25.9.5.금,1,foto,"세 번째 방문 입니다
사장님이 정말 친절하시고 고기 질이 끝내줍니다
맛있게 잘 먹고 왔어요ㅎ",68bad815cd3922ee0588894a,2Ala,
25.8.30.토,25.8.30.토,2,백설공주184,두번째 방문이에요~ 고기 너무 맛있고 다른 음식도 맛있어요~ 청결하고 친절까지!!,68b2c1f7c7e50bc002f07b86,JTkT,
25.9.13.토,25.9.13.토,3,백설공주184,고기 맛있고 엄청 친절하세요~ 아늑하고 음악도 굿굿!!,68c53654210f7d2620c04de9,JTkT,
25.8.23.토,25.8.23.토,1,빈스5221,"삼겹, 항정 먹었는데 군더더기 없이 잘 먹고갑니다!!

화장실 관리도 깨끗해서 너무 좋았어요!",68a98555f891fd9ff9ba6f9d,1x9Ap,
25.9.9.화,25.9.9.화,1,kim****,"삼겹살 두툼하게 맛깔나게 구워주십니다.
쌈채소도 다양하고, 소스도 다양하게(6-7가지였나)
있으니 삼겹살 물리지않고 폭풍흡입했습니다.
반찬들도 다 맛있었고
우렁된장국 존맛탱
김치말이국수에 갓김치 반찬나온거 싹싹 썰어서 흐식으로 말아먹으니 내일 밥 안먹어도 될듯요.
허겁지겁먹느라 사진은 못찍었습니다. 
나오면서 봤는데 입간판에 쿠폰들 붙어있네요 ㅎㅎ 
참고해서 방문하세용",68c0172d0e38de302858f632,2sKm8,
25.8.27.수,25.8.27.수,1,ㅇㅅㅁㄷㄹ,맛있어요. 가게도 깔끔하고 직접 구워주시니 편하게 식사할 수 있었습니다. 사장님도 친절하십니다.,68aed7a8b650342efea41cba,2WdrP,
25.10.7.화,25.10.7.화,1,쏭님이다,"매장도 깔끔하고 직원분도 너무 친절해서 좋았어요
고기는 당연히 맛있고요",68e4f530efd8b075c606d80f,3gAzl,
25.10.31.금,25.10.31.금,1,박지용76,아기랑 가기 좋아요 구워줘서 편하고 맛있어요 다음에 또 방문하겠습니다,69049e77ae42808ea370ae8d,2tp0P,
25.11.21.금,25.11.21.금,2,latte171107,너무 맛있었어요! 다음에 또 올게요:),69204dd6b6aef1fa0c375943,8QC1O,
25.10.17.금,25.10.17.금,1,박상봉48,너무 맛있습니다.,68f23103d0b6f4f6cc8074d3,7QHlR,
25.8.28.목,25.8.28.목,1,민초존버,"고기가 신선하고 맛있어요
직접 구워주셔서 회식할때 방문하기 좋네요
호일로 쌓여있는 버섯이 진짜 킥임
댕존맛..",68b0325872a1514b4846d98a,2Vkdr,
25.9.6.토,25.9.6.토,2,쓴백질,"벌써 2번째 방문이네요 ^^ 사장님께서 친절하시고 이 전에 주셨건 쿠폰으로 김치찌개도 서비스로 받았답니다 ? ㅎㅎ
다음에도 또 올 예정이에요 ! 항상 건강하셔서 오래 일하셔야돼요 ~?",68bc34bad28c14c56fa6f109,5cnQO,
25.9.11.목,25.9.11.목,2,Whbdj,위례에 새로 생긴 숙성고기집 너무 맛있게 잘먹었습니다,68c290767af6d2583c91a27b,3uEMP,
25.10.19.일,25.10.19.일,1,주언43,반찬도 완전 신선하고 고기도 엄청 맛있게 잘 구워주셨어요! 다음에 또 위례 오게 되면 꼭 다시 오겠습니다~😀😀,68f4befa94e30caa2068e645,4JUn0,
25.9.10.수,25.9.10.수,1,은구83,새로 생겨서 와봤는데 고기 너무 맛있게 잘 먹었습니다. 고기 잘 구워주시고 소스 구성이 다양하고 좋았어요. 다음에 또 올 것 같아요!,68c143d6bb8ab5d07c615675,3MF2d,
25.9.2.화,25.9.1.월,1,wkg****,임산부를 위한~ 아이를 위한~ 서비스가 있어서 너무 좋아요!!! 또 방문 하겠습니다!,68b6c56604ced483a1e833cc,69QTR,
25.10.13.월,25.10.13.월,1,세니75,맛있게 잘 먹었어요!!! 친절해서 좋어요!!,68ec7d816cbfa50bb302e576,249c9,
25.9.13.토,25.9.13.토,1,Kim ah,오늘 처음 방문했는데 친절한 사장님께서 고기도 직접 구워주셔서 너무 맛있게 먹었어요~~ 모든 재료가 신선하고 식후 된장찌개도 여느 음식점과 달리 올갱이가 들어가서 너무 맛있었어요~~다음에 또 방문하고 싶네요~~^^,68c50aaafd8c2d2e7e8a64c8,9paMe,
25.8.27.수,25.8.27.수,1,심플와이,고기가 너무 맛있고 쌈채소도 다양해서 좋아요! 소스도 특별하고 자주올 것같아용~,68aed5a790b8142d30f8051a,5NTXr,
25.8.26.화,25.8.26.화,1,김만고마니,"곁들이 반찬과 쌈이 다양하게 나오고 고기를 구워주셔서 편하게 먹기 좋습니다. 사이드 메뉴인 고사리 김치찌개도 너무 맛있습니다. 재방문 확정입니다🥰💕
++직원분들 너무 너무 친절하세요!!",68ada47d09134fba7cfe2256,6qEgf,
25.9.16.화,25.9.16.화,1,soodooboo,"매장 넓고 깔금하고 고기 맛잇었어요~!
사장님들 짱!!!  친절하십니다 감사합니다",68c9320e5484a61a539959b7,4ZYTA,
25.12.12.금,25.10.12.일,1,떼구르,"진짜 맛있게 잘먹었어요. 쌈장이랑 반찬이 진짜 잘나와요.
가격도 좋아요.",693af0a5348d690525200414,3D1qP,
25.9.12.금,25.9.11.목,1,망구950,"너무 맛있게 잘 먹었습니다.
노래도 잔잔하게 틀어주셔서 대화에 방해가 되지 않고,
쌈이랑 소스가 다양해서 너무 좋았어요.

다음에 다시 오고 싶은 곳입니다.
아 그리고 너무 친절하세요..놀람...
본점이던데 위례에 와주셔서 감사합니다!!!",68c3972f5db68aa69409b694,4MtU6,
25.9.10.수,25.9.10.수,1,kah****,고기도 찌개도 너무 맛있게 싹싹 긁어먹어서 사진이 없어요... 처음 와봤는데 너무 친절하시고 고기도 너무 맛있게 잘먹었습니단👍🏻,68c14343ee3b67ea7cc1aee1,9Oe1n,
25.12.31.수,25.12.27.토,1,마트료시카9885,,6954fe0dd61ae065e4186e8b,2Uqgz,
25.8.23.토,25.8.23.토,1,백설공주184,고기맛도 엄청 좋고 친절하고 새로 생긴 집이라 쾌적합니다. 더워서 고기 망설여졌는데 너무너무 시원해요~,68a98bfd2fcbf95a5107ea72,JTkT,
25.8.29.금,25.8.29.금,1,fancyBAK,남위례역 근처에 고깃집이 새로 오픈해서 방문했어요!! 사장님 친절하시고 고기도 너무 맛있습니다!!,68b184581074cb64136eadfd,bwpG6,
25.9.6.토,25.9.6.토,1,9round,"근처에 일 보러왔다가 지인추천으로 왔는데 
고기 직접 구워주시고 각종 쌈 야채와 찍어 먹는 소스가 
다양해서 끝까지 물리지 않고 맛있게 먹다 갑니다😆
계산하고 문 밖에 나갈때까지 친절하게 맞이해주셔서
기분까지 좋았습니다😊",68bc35f06224a0ee30527843,3BzX8,
25.9.6.토,25.9.6.토,1,박정진17,"오늘 첫 방문으로 가족들과 함께 왔어요. 고기 시켰는데 시키자마자 바로 나와서 좋았어요. 고기도 직접 구워주셔서 편하거 좋았어요. 고기도 맛있고 반찬들도 여러가지, 쌈 채소 종류가 많아서 질리지 않게 먹을 수 있어서 좋아요",68bc3532694ff079ae7da20b,440Xv,
25.10.5.일,25.10.5.일,1,dod****,"아이들이 너무 잘먹고 
신선하니 맛있어요",68e1fcbb6189b6609b52d75c,3EiNj,
25.8.31.일,25.8.31.일,1,skj****,"직원분들 너무 친절하고 고기 맛도 좋아요.
번창하세요!",68b41e6343f0c0a909849bbf,1biNL,
25.9.3.수,25.9.3.수,1,sooji79,"새로생겨서 와봤는데
친절하시고 고기도맛있어요!
재방문의사 100%%%%%%최고!!!!",68b82c69f4436c4da608012f,3U8VD,
25.11.22.토,25.10.4.토,1,앵앵무새S2,맛나요 ~ 고가담사장님 짱친절하시고 고기가 ㄹㅇ맛남,6921a80c178f81f8645ce734,7NTro,
25.9.10.수,25.9.10.수,1,thd****,밑반찬과 소스 구성이 알차고 오겹살이 제잏 맛있었어요 사장님이 고기도 열심히 구워주신답니다 다음에 또올께요,68c143eba6aff43a26bb117a,3kurb,
25.8.30.토,25.8.30.토,1,깔라만시쏭,처음 방문했는데 고기가 정말 연하고 맛있어요.소스가 독특해요~,68b2d4b4e7764519b3d286a9,2hZEG,
25.8.26.화,25.8.26.화,1,J졸리,"새로오픈해서 와봤어요
친절하고 맛있습니다
번창하세요~~~^♡^",68ada10f3dd167f38de29584,1wekW,
25.10.1.수,25.10.1.수,1,도요한,가족끼리 먹기 좋아요 벌써 3번째 방문,68dced8d49aff1f5a25e54e3,4RlIg,
25.8.26.화,25.8.26.화,1,칸스7,프렌차이즈가 아니고 젊운분들이 직접 만든가게랍니다.고기구워주시는분께 이런저런 이야기 하니 친절하게 이야기해주시고 고기랑 미나리랑 좋은조합으로 맛나게 먹었어요,68ad8da43d90c6df49b0d347,143tv,
25.11.8.토,25.11.8.토,5,rez****,,690f0d58a32bcddeb5c06ae0,3V7YC,
25.8.29.금,25.8.29.금,1,노부와함께,"위례 대박 맛집
고기 풍미 미쳤고
감사합니다 위례에 오셔서",68b1b21441f52ce484154894,uv7,
25.9.30.화,25.9.30.화,1,ghd****,"일단 고기맛이 일품입니다
사이드 반찬도 깔끔하고 신경을 많이 
쓰셨습니다.국수도 양 많고 맛있습니다
다음에도 또 뵙겠습니다~!",68dbc0ba5d82cb2a0370cc23,3itJC,
25.8.27.수,25.8.27.수,1,꾸수꾸수꾸수,오 고기가 진짜 맛있고 친절해요,68aed482d3e1aafb1baf3d8a,1w8E5,
25.10.3.금,25.10.3.금,1,elf****,고기도 맛있고 반찬도 낄끔하고 직원분들도 너무 친절하세요^^,68dfb92bf847c76281256726,3qfjG,
25.9.12.금,25.9.12.금,1,프리욱,"매우 친절하시고 맛있어요! 분위기도 좋습니다!!
강력추천👍🏻",68c3fe01762c6a29648b1814,30eoH,
25.9.6.토,25.9.6.토,1,카누73,"처음 와보는데 매장 깔끔하고 친절하셔서 잘 다녀갑니다😊
다양한 쌈채소와 함께 잘 먹고갑니다!!",68bbff65d735761b5ad24f2a,1ORnm,
25.8.27.수,25.8.27.수,1,dc****,고기도 구워주시고 너무 맛있어요!,68aee85dfa5ea1890728e02d,4hal1,
25.8.25.월,25.8.25.월,1,쓴백질,남위례에 새로 오픈한 고깃집이라고 해서 방문해 보았는데 직원분들 모두 친절하시고 사이드 메뉴도 완전 맛있었어요 ! 데이트나 회식하고 좋아보여요 고기도 구워주심,68ac680711a0c976e896f678,5cnQO,
25.9.13.토,25.9.13.토,3,rez****,너무 맛있어서 다먹고 사진을 찍었네요. 고기질 너무 좋고 넘 친절하세요!,68c539765ac4e8ee934c57bf,3V7YC,
25.9.3.수,25.9.3.수,1,hky****,"오픈해서 첫방문했는데 너무 친절하고 맛있어요~~
고기먹으러 자주 올 거 같아요~~~",68b82c7287fdad337b420f99,175EI,
25.9.19.금,25.9.19.금,2,foto,"N차 방문했습니다
늘 친절하고 기분 좋게 먹고 왔습니다",68cd430a8285f453cbed6f1f,2Ala,
25.9.6.토,25.9.6.토,1,똘민72,"고기 찍어먹을 소스도 다양하고 고기도 두툼하니 맛있어요
직원분들 친절하시고 고기도 직접 구워주셔서 좋아요~^^",68bbff946fab4036130b2f9d,11jJE,
25.9.1.월,25.8.31.일,1,050****,집앞에 새로 생겨서 가봤는데 오픈이벤트 너무 가성비있고 좋네요 서일로 갈 곳 추천합니다~^^,68b580a51b9dca623f3c536d,2bBcpr,
25.8.31.일,25.8.31.일,1,키득키득ㅎ,"사진찍을 시간도 없이 흡입했네요ㅠ
오겹살 찐맛돌이 
김치말이국수 서비스까지!
잘먹고 배터져 갑니다.",68b40ab79575bff2445ed8f6,1aTnZ,
25.10.13.월,25.10.13.월,1,smk****,"맛있게 잘 먹었어요
월, 화는 주류가 2,500원 !",68ecceb9976850e05e061456,1C9WW,
25.10.13.월,25.10.13.월,1,maj****,사장님이 직접 고기도 구워주시고 음식 퀄리티도 최고입니다.,68ecc9057893575205bd19b9,3Fzyx,
25.10.12.일,25.10.12.일,1,78allure,일단 음식이 모두 맛있구요. 친절하시고 깔끔해요. 추천합니다!!,68eb6e7bbd26c35b00f3db73,2211A,
25.8.30.토,25.8.30.토,2,rez****,고기 너무 맛있고 쾌적하고 친절하세요^^또 올꺼에요,68b2c2ba8347d55fda0e2f6e,3V7YC,
25.8.23.토,25.8.23.토,1,rez****,고기도 질이 너무 좋고 반찬들고 깔끔하고 맛있어요. 매장도 쾌적하고 친절하세요,68a98ddc8e9deaac16ca0bf1,3V7YC,
25.12.4.목,25.12.4.목,1,seo****,,6931623c67da7787d180a7a4,82qOE,
25.8.22.금,25.8.22.금,1,nks691490,"숙성고기인데 정말맛있어요 
고기잡내 일도없고 미나리라 먹으니 맛있네요",68a84948d47ed8fdd7f15a15,3U8ma,
25.8.28.목,25.8.28.목,1,vocalhoo,"직접 구워주는 고깃집을 찾고 있었는데 너무 편하게 잘 먹었어요 !!

바질쌈은 여기에서만 먹어볼수 있어서 다음에도 찾아서 올거같네요 ㅎㅎㅎ 너무 잘먹었습니다 😉😉",68b0338d3689319e09efd64c,3rujP,
25.8.27.수,25.8.27.수,1,you****,고기도 맛있고 김치찌개도 맛ㅇㅆ어요,68aed509dc91a8ffd14e0f13,3el2g,
25.9.23.화,25.9.23.화,1,우수상한,"사장님이 친철해요 고기도 맛있고 편하게 먹고 갑니다
재방문의사 2990908%",68d22afecbde1a38cc31e6d2,3DiV6,
25.10.12.일,25.10.12.일,1,seu****,너무 잘 먹었습니다!,68eb6e624e2dcddba941ac96,2Zdg6,
25.8.28.목,25.8.28.목,1,맥진85,"김치찌개가 색달라서 좋았어요!!
미나라도 주고 다양한 맛으로 맛있습니다",68b033ed5a311d9aa85f8155,7egBs,
25.9.12.금,25.9.12.금,1,꼴로꼴로,"진짜 위례에서 보기 힘든 맛집.
사장님이 너무 친절하고 맛이 일품!",68c40e9ce44c9d24e5b17dce,vV4F,
25.9.11.목,25.9.11.목,1,ysk****,맛있게  잘먹었습니다,68c2917512a4db5ad1d6dd6e,blaVI,
25.9.11.목,25.9.11.목,1,정가이버7,정말맛있는고기집!!,68c2910498c5e80219241658,3ceiR,
25.8.25.월,25.8.25.월,1,kgy6526,주류 990원 행사중이길래 방문했는데 쌈채소 모두 신선하고 고기도 맛있어서 단골예약입니다!!,68ac6810620fcc7b27568a64,48noi,
25.11.29.토,25.11.29.토,1,din****,맛있어요,692ad8001faedfd062f831cb,eC1hC,
25.9.29.월,25.9.28.일,1,스마일링v,강추입니다~,68da812efe841639f203b5f5,6DaRI,
25.9.2.화,25.9.2.화,1,xcv2684,가족들하고 맛있게 잘먹었습니다~,68b6c579b1d1bb0379421791,2vcUQ,
25.11.1.토,25.11.1.토,1,tpw****,굿,6905d7979213e38b7d5250c4,ySW7,
25.8.27.수,25.8.27.수,1,dlq****,너무 맛있네요,68aed50cfbd9b2efe3420e2f,2pyDI,
25.8.24.일,25.8.21.목,1,kyh****,,68aab6587a1484480b87776f,Blme,
25.9.5.금,25.9.5.금,1,정동우39,,68bac1ef500f5125d687cace,1AFo0,
25.9.12.금,25.9.12.금,1,growsoft,,68c40e653b1c3547bfa73f5f,hdrC,
