# url=https://m.place.naver.com/hospital/1898822589/review/visitor, place_name=연세새로이치과의원
created,visited,visit_count,author_nickname,body,id,author_id,rating
1.3.토,1.3.토,8,규리보이,"교정 치료를 마친 뒤 유지장치를 착용한 지 두 달 반,
경과 확인을 위해 치과에 방문했습니다.
치아 상태를 꼼꼼하게 체크해 주셨고
스케일링도 함께 받았는데,
끝나고 나니 “아, 관리가 이런 거구나”라는 생각이 들 정도로
입 안이 굉장히 개운해졌어요.
치아가 한 단계 업그레이드된 기분이랄까요.
전반적으로 차분하면서도 편안한 분위기라
괜히 긴장했던 마음은 자연스럽게 내려놓게 됐고,
치과를 나설 땐 기분까지 정돈된 느낌이었습니다.
교정이 끝난 후의 관리까지
믿고 맡길 수 있는 곳이라는 생각이 들었습니다.",695899a2b768924990ba3433,4izTV,
1.3.토,1.3.토,2,Loire36,너무 친절하시고 치료 후에도 아픈 곳이 없이 진료를 잘 봐주십니다~!,6958811eb90db0ecee129357,1uXOn,
1.2.금,1.2.금,3,qwe****,"이렇게 깔끔한 병원 전 너무너무 좋습니다.
원장님께서도 너무 친절하게 잘해주시고 뭐하나 빠짐없이 잘 설명해 주시고 긴장도 잘 풀어주셔요!!
치과의 가장 무서운점! 마취가 엄청 아파서 싫은데 여기선 진짜 안아프게 주사를 넣더라구요!! 그 비법은 직접 오셔서 한번 경험해 보시면 치과가는 날이 두렵지 않으실 겁니다!! 
모두 건강한 치아를 위해 파이팅~!!",695765eb1ab5f40fb89541be,6sG6v,
25.12.31.수,25.12.31.수,1,오호40,스케일링 받고 충치 검사 잘 받았습니다!,6954883614334ee4bc9d5703,456AV,
25.12.29.월,25.12.29.월,9,kijaeng,임플란트 부착 겸 검진 위해 내원했습니다. 항상 올 때마다 직원분들도 친철히 대해줘서 편하게 진료 받을 수 있었습니다.,69523794be448190a751cc24,2tND6,
25.12.27.토,25.12.27.토,12,Zzibumom,"항상 큰 치료보다는 작은치료로 가능하다면 먼저 시행해주십니다 치아 살려주시는데 전문가세요
감사합니다. 큰 충치 레진으로 메웠어요.",694f61e1084699c20d1acf60,1eO8x,
25.12.27.토,25.12.27.토,2,AquaMarine2,항상 친절하고 잘 응대해주시네요~,694f3e51ea210144e682cce0,2Gl2b,
25.12.27.토,25.12.27.토,3,rest0209,"항상 친절하고 상담이 자세 합니다
꼼꼼함이👍👍",694f3eb6d725d67b5381f3e7,3ADTK,
25.12.26.금,25.12.26.금,2,nat****,모두 친절하시고 아이도 편하게 치료받을 수 있어서 좋아해요.,694e3997dec77af96680da34,47v71,
25.12.27.토,25.12.26.금,1,문관성,"항상 즐겁게 이용하고 있습니다. 선생님께서 항상 친절하고 쉽게 제 증상을 설명해 주시고, 현재 않좋은 곳과 앞으로 문졔가 될만한곳을 지적해 주세요. 앞으로 잘 이용할께요",694f2baa6c687bef91d0f127,1qVX3,
25.12.24.수,25.12.24.수,2,꼬부깅95,다들 친절하시고 진료도 잘봐주셔서 너무 좋았어요!!,694bc587e21aa76427e688a5,vECU,
25.12.24.수,25.12.24.수,1,mikaang,"다들 친절하게 상담부터 치료까지 너무 잘해주셨습니다🥰🥰

물리치료까지 해주시네요 계속 잘 부탁드려요!!",694b59512ce42140b433b391,bSqDT,
25.12.20.토,25.12.20.토,2,마이쮸69,아이 이가 많이 썩어 있었는데 원장님이 아프지 않게 치료 너무 잘 해주셨어요! 겁 많은 아이인데 친절하게 아이 설득 잘 해주셔서 무사히 치료 잘 받았습니다^^ 강추강추에요ㅎㅎ 감사합니다!,69462d608b3ad868f6fe88df,2JCLe,
25.12.20.토,25.12.20.토,1,dienv1,안아프게 잘해주셨어요,694600c822b75943b1412c6d,RdE6,
25.12.20.토,25.12.20.토,4,kupazzang,"원장님이 섬세하게 잘 봐주시고, 선생님들이 다 친절하세요.
이 동네 치과중에서 교정 비용이 제일 저렴하고, 시설도 깨끗합니다!",6945fa5f70e2922258907892,oY8d,
25.12.20.토,25.12.20.토,2,hoh****,"아이 교정치료 여기서 하길 정말 잘했어요~~ 선생님 두분다 꼼꼼하시고 너무나 친절하게 잘 봐주세요~ ^^
주변에 많아 추천해주고 싶어요",6945f39763810c8a7b409014,11snH,
25.12.19.금,25.12.18.목,8,khs****,"치료 안아프게 하기로 유명하대서 왔는데
손기술이 진짜 섬세하시고
진짜 안아프게 잘해주심
그리고 엄청 친절하세요👍",6944b5ae8cf3ceaa0246b0bd,5d20R,
25.12.18.목,25.12.17.수,1,su****,동생치과문제로 광고보고 방문했는데 다들 너무친절하시고 치료외 기타등등 설명도 너무 잘해주셔서 치료잘받고있습니다~~강추합니다^^,69435879cb3ad1a30748b600,eJT1e,
25.12.17.수,25.12.17.수,2,헤헤2554,충치 치료 교정치료겸 다니는데 치아가 좋아지고 있네요 잇몸도 안좋아 잇몸치료도 하고 직원분들도 친절합니다,69427637c76bfd4f81e3a69c,FCZY,
25.12.17.수,25.12.17.수,1,김수민5338,사랑니 발치해야되는데 친구가 추천해줘서 예약했어요 발치 하나도 안아프고 마취도 꼼꼼히 해주셔서 믿음이 갔어요 친절하셔서 너무 좋았습니다,6941ff2fe432c9c21ca889f4,4CG0E,
25.12.16.화,25.12.16.화,1,Cloking,치과가서 교정 상담받았어요 의사선생님께서 친철하게 설명해주시고 기간이랑 비용에 관한부분들에 대해서도 잘 알려주셔서 믿고 교정 진행했어요,6940b765467d330b330a4c75,5EC61,
25.12.15.월,25.12.15.월,1,knj****,"구강검진 하려고 아이들과 왔는데 
친절하시고 대기 없이 빠르게 할수있어서 좋았어요!
겁내는 아이들 안심시켜주셔서 울지않고 잘 받고 갑니당",693fc87c0d7f7522219350c3,ek26R,
25.12.16.화,25.12.15.월,1,ghd****,"오래전부터 어금니 하나가 없어서 임플란트를 해야했었는데
이번에 빨리 진행해야겠다 싶어서 임플란트 치주과전문의로 유명하다고 해서 
방문하게되었습니다~! 진료전 검사도 꼼꼼히 해주시고, 생각보다 안아프고
더 빨리 오기잘했다 싶더라구요.. 스켈링까지 해주시고 생각했던것보다 안아파서 
꾸준히 치료 잘받고 관리해야겠어요~!",694102330e00b7a5c223da0a,3m2Ef,
25.12.13.토,25.12.13.토,6,vmflcl10,오늘도 무섭지않게 진료해주셔서 감사해요!!,693cee91c5992bc3c94c9db1,1bhnm,
25.12.13.토,25.12.13.토,5,숙이5494,"연말맞이 검진 받으러 왔어요 
항상 친절하시네여",693ced8c6830ab491978ad63,1ENm8,
25.12.12.금,25.12.12.금,1,양념갈비먹고싶다,"완전 친절하시고 꼼꼼하심
딴데서 앞니 레진했을 땐 티나고 혀로 건드려도 이물검 있고 불편하고 불안했었는데 여기선 겁나 감쪽같이 됨;;미쳣음(p) 치아 사이 겁나 썩은 게 육안으로도 티나서 쫄았는데 웬걸? 마취도 안 아프게 놔주심 ㄹㅈㄷ 재방문의사 백만번임(그치만 이 썩는 건 싫음ㅠ",693bea3625072373272df946,2KAuH,
25.12.12.금,25.12.12.금,11,Zzibumom,"과잉진료없는 병원
친절한 병원
깨끗한 병원 

추천 👍👍👍👍👍",693ba6dbe46e4e93db6ae54b,1eO8x,
25.12.12.금,25.12.12.금,1,seo****,교정하러 방문했는데 다들 친절하셔서 좋았습니다.,693b80f7e6b38708df79b252,cQqYP,
25.12.12.금,25.12.12.금,1,djfw****,"갑작스럽게 이가 아파서 연세새로이치과를 방문했어요. 긴장한 채로 들어섰는데, 원장님부터 데스크 직원분들까지 친절해요라는 말이 절로 나올 정도로 정말 상냥하게 응대해주셔서 마음 편하게 진료를 받을 수 있었습니다.
​꼼꼼하게 상태를 봐주시고 치료 과정과 계획에 대해서도 알기 쉽게 설명해주셔서 신뢰가 갔습니다. 치료 실력도 좋으신데 친절함까지 갖추셔서 앞으로도 믿고 다니려구요!",693b90a6a1bc8acd7a5d3d26,2dCwUk,
25.12.12.금,25.12.11.목,1,날으는쫑,"갑작스럽게 사고로 앞니가 부러져서 남편 소개로 다녀왔는데 원장님이 다른 부분까지 전체적으로 꼼꼼하게 봐주시고 설명해주실때 너무 친절하세요. 충치치료도 깔끔하게 해주시고요.
선생님들도 전에 치과 치료를 많이 안받아서 잘 모르는 부분까지 설명해주셔서 이해가 잘 됐어요.
신경치료까지 안하도록 최대한 할 수 있는 치료로 해주시고 일상 생활에 불편함 없도록 끝까지 케어해주셔서 좋았어요!",693b86f34ba64ac37050228b,1KnSN,
25.12.10.수,25.12.10.수,2,kik****,레진처음햇는데 남원장님이랑 데스크쌤너무친절파십니다 아프지도않에료ㅎㅎ,693941af2fef2dfb4b2cd391,5SWQC,
25.12.10.수,25.12.10.수,1,seo****,원장님과 선생님들 모두 친절하시고 병원도 깔끔해서 만족합니다 앞으로 치과 갈일있으면 항상 이용해야할 것 같아요 최고👍,6938e11ec7ce41907fa08206,6a3ZV,
25.12.11.목,25.12.10.수,1,곰탱핑b,겁이 많아서 치과갈때마다 떨리는데 스케일링 진짜 안 아팠어요;;; 겁 잔뜩 먹어서 손에 땀이 나야 정상인데... 치위생사분들도 상냥하게 신경 써주시고 스케일링 하고 나니까 입안이 완전 개운합니다,693a5778cfd16046abc5ec6a,clIh3,
25.12.10.수,25.12.10.수,4,pt****,"의사선생님 간호사선생님 너무 친절하세요
궁금했던거 다 물어보고 좋네요
예약시간에 방문했더니 대기없이 했어요
쾌적하고 좋아요",6939425402df0e87a34fba36,2n1Ei,
25.12.11.목,25.12.10.수,1,nsu****,"시랑니때문에 치과를 가야하는게 너무 무서워서 미루고 있다가 너무 아파서 결국 치과 예약하고 왔어요 ㅠㅠ
그런데 마취 주사도 안아프게 잘 놔주시고 진짜 순식간에 끝나고 하나도 안아팠어요 ㅎㅎ 
원장님도 너무 친절하시고 직원분들도 모두 친절하셔서 다음엔 스케일링 받으러 올게여 ㅎㅎ",693a1e4a20d7a381131fb89c,2cxaL1,
25.12.10.수,25.12.10.수,1,솔라시도6962,전체적으로 정말 만족스러웠어요. 스케일링 안 아프게 잘 해주셔서 치료 받으면서도 편안했습니다. 원장님도 친절하게 설명해주셔서 믿고 진료받을 수 있었어요. 깔끔한 분위기라 다음에도 또 방문하고 싶네요.,6938d7ab2ec0dbe752ce01fe,6yQfk,
25.12.9.화,25.12.9.화,1,ph****,원장님과 직원분들 모두 친절하게 잘 설명해주십니다!,6937bae390f6f419b614539b,32U3A,
25.12.9.화,25.12.9.화,8,kijaeng,오늘 임플란트 정기검진으로 방문했습니다. 항상 친철하고 편안하게 대해주셔서 편한마음으로 검진할 수 있었습니다 감사합니다,6937b1e4a54fe6b1bc3426a0,2tND6,
25.12.9.화,25.12.8.월,1,행복이569,덧니도 심하고 교정 상담받으러 갔는데 투명으로 하는게 있어서 너무좋았어요 옛날 교정생각했는데 깔끔하니 보기도 좋고 미관상 쵝오네여,69375ffc91bdb67a3715d9b1,2diHG8,
25.12.6.토,25.12.5.금,1,술만먹으면짖는개,치아 상태를 세세히 체크해주시고 어떤 방식이 제일 맞는지 차분하게 안내해주셔서 믿음이 갔어용 치료 과정도 생각보다 편안했고 회복도 빨라서 만족도 최고~~,6933e0845fd52e4bd16e3a6f,bVVIS,
25.12.5.금,25.12.4.목,1,kjb9691,치과 무서워하는 편인제 스케일링 아프지 않게 잘 해주셨어요  치석도 깨끗해진거 보여주시고  개운한 느낌이 너무좋았어요,6932300a75287b9e64667cbe,29JNL,
25.12.3.수,25.12.3.수,2,sop****,원장님 전문적이시고 모든 직원들 친절합니다 강추^^,692f99036a2020f49f98a093,5OMRF,
25.12.3.수,25.12.3.수,1,msm****,"잇몸이 약해서 스케일링받으면 시리고 아프구 피도 철철나는데 여기서 받아보니 하나도 안아프고 진짜 꼼꼼하게 잘 해주시더라구요!
친절하신 쌤들 덕분에 치과가는게 이제 무섭지 않아요 ^^",692f8caff4643cc7cda4109d,2dmbH0,
25.12.2.화,25.12.2.화,3,사랑해요6586,"연세 세로이치과에서
행복을 찻았습니자
날이 좋아서
날이 적당해서
오늘 즐겁습니다
모두 감사합니다",692e8f27acf6df9d9f43a401,2MN16,
25.12.3.수,25.12.2.화,1,kim****,사랑니 뽑아야 한다고 해서 무서웠는데 뽑을 때 생각보다 많이 안 아프고 호다닥 끝났어요~ 뽑고 나니 시원합니다 :D 이제 맘 편히 잘 수 있겠어요ㅎㅎ 쌤들이 살갑게 대해주셔서 덜 무서웠던 것 같아요~,692fb53d33c64ccb85d6a792,2dahE8,
25.12.1.월,25.12.1.월,3,백설공주9889,오늘은 남은쪽 잇몸치료해서 관리잘해야겠어요~,692d37769ef3ee383a38ad8a,a975E,
25.12.1.월,25.12.1.월,1,thw****,"잇몸이 자꾸 붓고 아파지는게 심해져서 찾아가보니 치석도 많이 껴있다구 해서 스케일링 받아보니 진짜 너무개운하고 좋더라구요!!
스케일링은 아플거라 생각했는데 안아프게 잘 해주시고 진짜 꼼꼼하시네요 ㅎㅎ 요기 교정도 전문이던데 담에 교정도 한번 상담받아볼까봐요~~",692d5396ab82f715dd88e782,7BBmF,
25.11.29.토,25.11.29.토,1,ddovely,"전에 임신했을때도 왔었는데 친절하시고 스케일링도 너무 잘해주셔서 좋아요
오늘도 스케일링하구 진료도 거품없이 너무 잘봐주세여 과잉진료도 안하시구오!",692a5f5b129044219f7121c6,2704y,
25.11.28.금,25.11.28.금,5,히 히  히,교정기 보이는 게 싫어서 계속 미뤘는데 진작 할 걸 그랬어요! 투명이라 진짜 감쪽같아서 친구들도 말하기 전엔 아예 모르네요 ㅎㅎ 저같이 티 안 나는 교정 찾으시면 추천드립니다~~,692968eb488046a84430a121,45aKi,
25.11.28.금,25.11.28.금,1,별명22,"검진하고 스케일링으로 방문했는데 친절하고 좋았어요.
특히 질문을 많이 드렸는데도 상세하게 잘 설명해주셔서 감사합니다.",69295fc7b93f04cc3285c262,1PBsI,
25.11.29.토,25.11.28.금,6,깡이6948,"선생님들도 친절하시고
원장님도 너무 좋으세요
저희 아이들이 치과를 무서워하지 않도록 꼼꼼히 잘해주세요",692a5d771905205d0602d1b2,2H0r6,
25.11.27.목,25.11.27.목,2,백설공주9889,"처음잇몸치료받아서 약간힘들었지만   
기분은 좋았어요^^",6927f27c4490785bc68e5769,a975E,
25.11.27.목,25.11.27.목,1,pak****,"스케일링 해야는데 무서워서 겁내고 있다가  받았어요
아프지도 않고 개운하게 잘 해주셨어요
충치도 있어서 같이 봐주셨어요",69279dd4f13995a27b11da4a,2dq2LS,
25.11.27.목,25.11.26.수,1,bea****,충치검진이랑 스케일링 했는데 친절하게 잘 해주셨어요^^,6927b7b101bb0e28205db925,4ftkD,
25.11.26.수,25.11.26.수,1,ZHENGJINGHUA,교정 받을러 왔다 너무 친절하게 설명해 주셔서 걱정 없이 치료 받을수 있을것 같아요.,6926cf312a8b463d533f02d3,jeBs,
25.11.26.수,25.11.26.수,1,kik****,스케일링했는데 넘친절하시구 잘설명해주셔서 또오려구요 ㅎㅎ,6926cc35c94c99daede6a2db,5SWQC,
25.11.26.수,25.11.26.수,1,낑깡이6,대학교 오고 어느 치과 가야할지 고민 많이 했는데 너무 친절하셔서 잘 선택 한 거 같아요 ㅎㅎ 처음 들어갈때부터 치료받고 끝날때까지 너무 감사하고 좋았습니당 진짜 너무너무 친절하고 치료도 잘해주셔서 진짜 최고였어요…. ♥,6926af77efd2d7d07b01c7c9,e0m12,
25.11.26.수,25.11.26.수,1,백설공주9889,오늘 스케일링을 받았는데 하나도안아프고 너무 좋았어요 다음번에 잇몸치료하러올게요,69266e70a6fc9f20a228c815,a975E,
25.11.27.목,25.11.26.수,1,517****,"처음엔 무섭기만 했는데 생각보다 발치 과정이 빠르고 깔끔했어요. 국소마취 덕분에 통증은 거의 없었고, 금방 끝났습니다. 발치 후 주의사항을 꼼꼼히 안내해주셔서 큰 부기 없이 회복 중이에요.",6927bd359f13b3ab986355ec,1b7VJ,
25.11.26.수,25.11.26.수,1,지니6615,"임플란트 심고 이차수술했어요
만족합니다
다음에 본뜨러올게요",6926c4b0c508c13b996160cc,2JYyj,
25.11.26.수,25.11.26.수,1,쭌짱12,예약 방문 후 친절하고 꼼꼼하게 검진 받았습니다.,6926c856177a092fb0987b43,YAvt,
25.11.26.수,25.11.25.화,2,hsi****,오늘 마지막 크라운 씌우는 날입니다 원장님 간호사님들 실장님 모두 고생 많으셨습니다 번창하세요,692698742067bbd27d3bd95e,bFyPu,
25.11.26.수,25.11.25.화,1,숙쪼,"아이 교정을 위해 여러 치과를 직접 알아보던 중
‘교정전문의 상주’라는 점이 
마음에 들어 방문하게 됐어요.
상담을 받아보니 진단도 정말 꼼꼼하고 
설명도 쉽고 친절해서
첫 상담에서 바로 결정할 만큼 신뢰가 갔습니다.

교정은 한 달에 한 번씩 꾸준히 와야 하는데
집과 가까워서 아이도 저도 부담 없이 
다닐 수 있는 점이 큰 장점이에요.
직원분들도 친절하고 분위기도 편안해서 아이가 불안해하지 않고 잘 적응하고 있어요.

여러 곳 비교하느라 고민 많았는데
지금은 이 치과를 선택하길 정말 잘했다는 
생각이 듭니다!",6926ab041d0e06032668f8f2,3ppfH,
25.11.25.화,25.11.25.화,1,Leeleeeun,충치 치과 치료 받고 왔습니다! 원장선생님 간호사선생님 모두 친절하세요. 무엇보다 원장님이 마취를 정말 안아프게 잘 해주시네요! 무서운 치과치료 편안하게 잘 받고 왔습니다.,6925178d0f0d1d6718247fa7,5qmRS,
25.11.26.수,25.11.25.화,1,bra****,임플란트 해야해서 원장님과 상담 후 몇가지 검사를 하고 예약잡고 갑니다. 치료과정을 자세히 설명해주셔 좋았네요. ^^,692665daa6031d1b7c6c0c12,2cHR1E,
25.11.24.월,25.11.24.월,3,류류희,선생님들애쓰셨어요♡♡아이잘달래주시고♡♡,6924163f14b41cd8a08d6053,1sqtg,
25.11.25.화,25.11.24.월,1,hey****,연세새로이치과의원에 다녀왔는데 정말 친절해요. 설명도 꼼꼼하게 해주시고 진료 과정도 편안하게 진행돼서 불안함 없이 치료받고 왔어요. 전체적으로 깔끔하고 분위기도 좋아서 다음에도 믿고 방문할 것 같아요.,6924f87b5420cd474b446efb,2c3Cml,
25.11.22.토,25.11.22.토,3,ixw****,이번년도 초부터 쭉 교정진행중인데 불편하거나 브라켓 빠지거나 할때마다 왔는데 항상 선생님이 상주하셔서 한번도 불편함 없이 현재까지 교정중입니다.,6921363991c0fa58752208f1,2cllMD,
25.11.22.토,25.11.22.토,3,애플체리사랑,의사선생님과 간호사언니들이 친절해요,6921218976e41c69ff658ae8,11Bzj,
25.11.22.토,25.11.22.토,2,짱멩잉,딸 소개시켜줬어요 유지장치 새로맞추고 충치치료했어요 잘해주십니다,692141bba0840ba632a356c6,t1AU,
25.11.21.금,25.11.21.금,1,설레임729,여기 너무 깨끗하고 친절해여!,6920298d35ae0000cfe386ea,30U23,
25.11.21.금,25.11.21.금,1,nat****,"아이 교정때문에 인터넷 검색으로 찾아갔어요.
교정전문의선생님이 계셔서 믿음이 가요.
근무하시는분들 모두 친절하고 좋아요.",6920258535ae0000cfdf207f,47v71,
25.11.21.금,25.11.21.금,2,tpsgmlh58,다들 너무 친절하시구 병원도 아늑하고 포근한 분위기라 너무 좋아요❤️❤️,691fba5f5273115d6c771e5d,4Sc6Z,
25.11.23.일,25.11.21.금,1,par****,임플란트 해야해서 원장님과 상담 후 몇가지 검사를 하고 예약잡고 갑니다. 치료과정을 자세히 설명해주셔 좋았네요. 가격도 합리적이라 부담이 적었습니다.^^,69225d106b1f43308a382292,eMBs9,
25.11.20.목,25.11.19.수,1,sor****,"임플란트 상담받으러 방문했었는데 너무 친절하시고 상담도 꼼꼼했어요, 치주과 전문의가 진료보신다구해서 제일 괜찮아서 여기로 정했습니당 :) 잘부탁드려요",691e72a8d67bff01770bd962,2cIpVW,
25.11.19.수,25.11.19.수,1,김지윤19,딱 필요한 진료만 해주시고 자세히 설명 해주시고 관리 방법까지 알려주셔서 추후에 집에서 혼자 관리 하는데 어려움이 없을정도로 친절하게 잘 해주셔서 너무 감사해요,691d86d961c74d09e36139a2,dKjir,
25.11.19.수,25.11.19.수,1,power5p43,아이 교정 진행중인데 늘 친절하고 교정도 잘 진행되고 있습니다. 수요일 야간 진료도 맞벌이 부부로서 아주 좋습니다,691d9735fe01b0aec8d8bf98,tbyl,
25.11.19.수,25.11.19.수,3,pt****,"친절하시고 깔끔하니 좋아요
의사선생님도 친절하시고 간호사선생님들 모두 친절하십니다.
올때마다 오래기다리지않아 좋아요",691d8b3a9b8fc23afaa59df6,2n1Ei,
25.11.19.수,25.11.19.수,2,hye****,치과가 무서워서 안간지 오래된 2N살.. 치과 별거 아니구나 느꼈습니다! 안아프게 무섭지 않게 잘 해주셔서 좋아요,691d265661fc7f00a2fbf889,2cdxCv,
25.11.18.화,25.11.18.화,2,사랑해요6586,"행복을 주셔서 감사합니다
먹는 즐거움은 사랑입니다
수고해주신
모두에게 건강을",691c2ff505da06ca6c66417e,2MN16,
25.11.19.수,25.11.18.화,1,bba****,"검진 겸 스케일링 받으러 갔는데 병원이 엄청 깨끗하고 다들 엄청 친절하세요, 스케일링도 하나도 안아프고 조심조심 해주시는게 느껴짐요..칫솔질 부족한 부분 치실사용법까지 알려주셨습니다 감사합니다",691d09f9d1c8380279b52718,bpJfQ,
25.11.17.월,25.11.17.월,2,애플체리사랑,소독하러 왔어요.,691add81da7965c158ad0ed9,11Bzj,
25.11.17.월,25.11.17.월,2,류류희,선생님 넘신절하셔요 아이랑왔어요 ^^,691ac5605478df19e39803ce,1sqtg,
25.11.18.화,25.11.17.월,4,kyk****,원장님과간호사분들께너무친절해서너무좋았다,691bdcdc86fb770cfad6e58a,cL8I6,
25.11.17.월,25.11.17.월,1,김동률47,"처음방문한 연세새로치과! 
공간도 넓고 샘들도 다들 친절하시네요
상담받고 임플란트 치료 시작했고 
무통마취해주셔 고통도 없고 최고예요
가격도 저렴하고 좋아요^^",691a87b640cb90e06858cda2,6Ak3d,
25.11.15.토,25.11.15.토,1,thdgusdkwkd32,친철하게  진료  봐주시고 과잉진료 없이  치료도  안아프게  잘해주세요 !,691806e3c69cd699720e45aa,1ywcP,
25.11.15.토,25.11.15.토,1,박재훈8811,교정 진행하고있는데 관리 엄청 잘해주십니더,6917f32fca5ea779b4dae048,4P3ZZ,
25.11.15.토,25.11.15.토,3,솜이는 물어,"올때마다 다들 항상 밝으시고 친절하세요!
치과는 마취가 제일 무서운데 정말 안 아프게 잘 해주세요!!",6917eebaf3b3b189e525a213,c71BF,
25.11.14.금,25.11.14.금,7,khs****,"꼼꼼하게 잘 해주셔요
원장님이 의견반영을 잘 해주십니다
믿고 치료받고있어요
앞으로도 잘 부탁드려요!",6916efaff2cebb0f84fded8a,5d20R,
25.11.14.금,25.11.14.금,1,lsz****,"오늘  치과 정기검진 완료.

6개월마다  편안하게 건강 챙겨주셔서
감사합니다",6916cf63b8bc72c44d973ec4,2VEGg,
25.11.14.금,25.11.14.금,3,kyk****,"너무친절하신원장님
완전굿이래요
4개월후에인사드리겠습니다",691698016086b15f5d10000a,cL8I6,
25.11.13.목,25.11.13.목,2,두그니58,"원장님하고 다들 너무 친절하십니다ㅠㅠ
안아프게 잘 해주세요!!!",6915a2b50ef1a3d1e0c12ed8,62gZQ,
25.11.13.목,25.11.13.목,4,숙이5494,오늘도 잇몸치료 마저 받으러 왔어요 항상 친절하게 봐주시는 선생님들 감사합니다~,6915a3a7c603c44e4764631f,1ENm8,
25.11.13.목,25.11.13.목,3,aer****,"꼼꼼하게 진짜진짜 잘 해 주셔서 너무나 감사드립니다.
교정치료...가 두렵지않고 기대됩니다.
고맙습니다.^^",6915728ae30865a7ad46b3b2,6sy9S,
25.11.12.수,25.11.12.수,1,o미가엘o,"교정 전문의가 계셔서 방문했는데
거의 반년간 정말 꼼꼼하게 잘 봐주시고
충치치료나 스케일링도 굉장히 깔끔하게 되었습니다😀",69145e9cab72872b173cd3dc,4135B,
25.11.12.수,25.11.12.수,1,yon****,"항상친철하시고 밝은모습으로 편안하게 진료주십니다
그래서 편하게 치료받을수있었습니다.
치과에대한 무서움이있었는데
편안하고 안아프게 치료해주셔서 너무 좋았습니다
치과 여러곳을 다녀봤지만
연세새로이치과만큼 친절하고 치료잘하는곳은
없었던거 같습니다.
연세새로이치과를 적극추천합니다",69144bc15fd2777cf758d7f1,62F8v,
25.11.12.수,25.11.12.수,1,psb****,잇몸치료하고 임플란트 했는데 치료에있어서 부담이없고 편안해서 좋았어요 원장님이 잘해주시고  친절합니다,69145467ff346f90e66c71f8,6Rhqz,
25.11.12.수,25.11.12.수,1,kim****,"비염 있는 사람도 치료 받을수 있어요
아는 누나도 소개해줬어요",691425213982f34c58ac9c61,8c3s7,
25.11.12.수,25.11.12.수,1,AquaMarine2,친절하고 빠르게 처리해주셔서 자주 찾고 있습니다~ 최고예요~,6913f55f831078eda1a91d17,2Gl2b,
25.11.12.수,25.11.12.수,2,푸키51,사랑니 진짜 안아프게 뽑아주십니다!!!!!! 완전 추천해요!!!,6913f1025e5335f7613ccf3f,2Byz4,
25.11.12.수,25.11.12.수,2,rnl****,딸랑구 치아 교정하는중인데 선생님도 좋고 간호사님도 최고입니다,6914510016e6772a9fca68eb,1T18k,
25.11.11.화,25.11.11.화,1,sepang,"엄마가 친절하다고 추천해줘서 왔어요~
원장님이랑 직원들 다 친절하고 꼼꼼해용",6912ebdca3683dbfe5ba58f9,5gxMb,
25.11.10.월,25.11.10.월,2,Out,직원분들이 친절하시고 시설이 깨끗해요!,6911aec149b4a1da6f68afe3,4Vhm7,
25.11.10.월,25.11.10.월,2,qwe****,교정중인데 선생님들 다 친절하셔서 편하게 잘 하고있습니당,6911a053dab98286685c35ac,2cobW6,
25.11.10.월,25.11.10.월,2,suo****,"데스크 ,치위생사 , 의사쌤 진료 친절하게 진료 잘해주셨어요~😆
불편한거 없는지 꼼꼼히 체크해주셨습니다.
다른치과는 해결 안된다고 해서 여기 왔는데 잘 해결해 주셨어요~~👍",6911947f96c9ab2a97dea545,1275f,
25.11.10.월,25.11.10.월,6,khs****,어금니 염증이 계속 나서 방문했는데 발치해야할정도의 염증이라하네요 이 빼기는 싫어서 재신경치료 하고있어요 원장님께서 잘 해주시길 기도합니다 친절하셔서 믿음이가요,6911822c517a196b35320fd2,5d20R,
25.11.10.월,25.11.10.월,2,wld****,원장님 간호사분들이 너무친절하셔서 아이도 거부감없이 즐겁게 진료받았어요~^^,6911ab7ae7be1355243172a8,4f0Mz,
25.11.8.토,25.11.8.토,3,god****,아픈지 계속 체크해주시면서 설명도 친절하게 잘해주셔서 너무 감사했어요,690eb8233e5181a0e260d95e,4popn,
25.11.8.토,25.11.8.토,1,qww****,좋았어요~,690ea0ca2d9e73448971bc6c,66ARS,
25.11.7.금,25.11.7.금,5,msk****,의사선생님들 위생사 선생님들 너무 친절하고 갈때마다 넘 좋아요~,690d66797b030ab0770ffc72,bo4RB,
25.11.7.금,25.11.6.목,5,dbw****,"충치 치료와 라미네이트를 같이 진행했는데, 결과가 정말 마음에 들어요!
의사 선생님이 세심하게 봐주시고, 디자인도 자연스럽게 잘 나와서 완전 만족합니다.
처음엔 긴장했는데 직원분들도 친절하고 분위기도 좋아서 편하게 받을 수 있었어요.
예전보다 훨씬 자신 있게 웃게 되었어요",690d679b0cabefdc20b9d9dd,cSGTy,
25.11.6.목,25.11.6.목,3,jin****,친절하시고 빠르게 진료 잘 봐주십니다!!,690c5915439379c9939fe174,4Q5dl,
25.11.6.목,25.11.6.목,1,ddo****,의료진님들이 매우 친절하시며 굳이 치료를 권하지 않아서 좋았습니다 정기 치료 받기로 했어요:),690c4aeefa7f534bdc5b0dbf,4EYcG,
25.11.6.목,25.11.6.목,6,네잎클로버32,"초등여아6학년, 부정교합 교정중, 걱정했던것과달리 세심하게잘봐주시고 친절하시고 믿고다니고있어요^^추천🙂",690c3d0f3c58f32f198382bc,5TokR,
25.11.6.목,25.11.6.목,2,YOUNG E,"시설도 깔끔하고 응대하시는 선생님도 친절하십니다~^^ 
조용하고 안락한 분위기에서 치료 잘 받고 가겠습니다😊",690c5588f1df985b48a4937d,4GWkA,
25.11.5.수,25.11.5.수,1,사랑해요6586,"올봄에 알게된 연세 새로이치과에서
임플란트와보철치료를 받고 있습니다
언제나 가족같은 따뜻한 배려와
올때마다 다정한 미소로 행복합니다
3달째 접어들지만 흥미롭게 
치료 잘받고 있습니다",690b029dc95579b019cffa10,2MN16,
25.11.5.수,25.11.5.수,1,jji****,연세새로이치과 ! 잇몸이 너무 아파서 왔는데 ~ 상세하게 치료를 잘 해주셔서 통증이 다 사라졌습니다. 친절하고 탁월한 실력까지 최고 👍 입니다!,690aef854f6dd84660580b83,yNKu,
25.11.5.수,25.11.5.수,1,kkmm****,"우리딸 신경치료 받으러 왔어요 
친절하계 잘해주셔요",690adeb251e93b554eb9ba4b,2dC35w,
25.11.5.수,25.11.5.수,1,a7****,"충치 치료 잘 받았습니다.
다들 친절하세요",690b05160d6557ca921fa618,ezrix,
25.11.6.목,25.11.5.수,2,kyk****,"오늘 임플란트 본뜨고있는데
환자가아프지않게잘치료하는것같아너무좋다",690bf5b04771071a5cc5bda2,cL8I6,
25.11.5.수,25.11.3.월,4,dbw****,"병원 분위기도 깔끔하고, 직원분들 모두 친절하게 안내해주셔서 긴장이 확 풀렸습니다.
의사 선생님께서 치료 과정 하나하나 자세히 설명해주시고, 제 입장도 잘 이해해주셔서 믿음이 갔어요.
치료도 꼼꼼하게 진행해주셔서 전혀 불안하지 않았습니다.
이제 치과 갈 때 무섭지 않을 것 같아요
앞으로도 꾸준히 여기서 관리받을 예정이에요!",690af19a779c99b3f38d73fb,cSGTy,
25.11.5.수,25.11.3.월,3,숙이5494,"잇몸이 부어서 예약 후 잇몸치료 받았어요, 마취가 무서웠는데 하나도 안아푸게 마취해주시고 치료해주셔서 편하게 진료 받았슺니다!",690af1594dc6f0f58fb697f0,1ENm8,
25.11.6.목,25.11.3.월,1,kyk****,"임플란트 치료받는중인데
너무친절하고.진료역시잘해주신다",690bf50bc782ee351c43de20,cL8I6,
25.11.5.수,25.11.3.월,3,vmflcl10,"겨울이라서 그런지 요새 이빨이 너무 시려서 치료받았는데 의사선생님, 직원분들 너무 친절하시구 기분좋게 치료받고가요^^",690af4f7342a0040e88f4daa,1bhnm,
25.11.5.수,25.11.1.토,10,Zzibumom,"우리 친구 소개시켜주는김에 같이와써요 ㅎ
꽝없는 뽑기이벤트도 하고 기분좋네요",690af20b471eab96a2ec1cce,1eO8x,
25.10.25.토,25.10.25.토,3,happy98,"치아 목 패인 곳이 자꾸 시려서 레진 치료받았어요. 치료 전에 좀 떨렸는데, 의사 선생님이 정말 꼼꼼하고 하나도 안 아프게 살살 잘해주셨어요.^^ 중간중간 괜찮은지 계속 체크해 주시는 세심함에 감동...🥹 치료받고 나니 시린 것도 바로 없어지고 너무 편안해요! 진작 할 걸 그랬어요. 여기 정말 추천합니다! 🥰",68fc7c340bbdb0a2f5e78526,6yo8A,
25.10.25.토,25.10.25.토,2,yoyojy,"정기 검진과 스케일링을 받았어요. 담당 치위생사분이 정말 꼼꼼하고 부드럽게 시술을 진행해 주셨어요. 평소 잇몸이 약해 스케일링 시 통증이나 시림을 걱정했는데, 거의 불편함 없이 편안하게 받았네요. 😊 의사 선생님의 설명도 명확하고 친절해서 신뢰가 가요. 앞으로도 꾸준히 이곳에서 관리받을 예정이에요!",68fc526a9c5bcc7187ac564a,1ZgfA,
25.10.25.토,25.10.25.토,4,mate0215,"두 아이들의 치아교정으로 한달에 한번 이상 방문합니다.
작년 8월에 시작했던 큰 아이 교정이 끝났습니다.
매주 변하는 치아 모습을 보며 아이가 매우 만족해하고 있네요.
원장님께서 작은 부분까지 꼼꼼하게 봐주시고, 모든 쌤들이 친절하게 해주셔서 갈때마다 기분 좋은 마음으로 돌아옵니다.
항상 감사합니다❤️",68fca425fddbcd79068b5b61,ukjx,
25.10.25.토,25.10.24.금,7,우린 won을 쫓지 않아,일년 조금 넘게 교정을 했는데 이제 끝이 나서 정말 좋은 것 같아요. 치열이 고르게 변하고 빨리 끝나서 좋아요. 원장님도 정말 친절하시고 매우 좋았습니다. 영상도 만들어 주셔서 변화를 확실히 볼 수 있어서 신기합니다.,68fc2a1262a04728a35373b9,80VG2,
25.10.22.수,25.10.22.수,2,장쟝이,"앞니가 부러져서 급하게 예약하고 왔는데 데스크 실장님 너무 친절하시고 치료도 걱정했는데 간단하게 끝내주셔서 너무 감사했어요! 원장님, 치위생사 너무 친절하시고 감사합니다👍 추천드려요👍",68f8af48792d8397a9f8cece,piZ3,
25.11.12.수,25.10.20.월,1,헤헤2554,"치아관리 못해서 임플란트 해야돼서 상담겸 방문했다가  충치도 많이 있어서 꾸준히 치료받고 임플란트 말고 다른 방안도 상담해주시고 치료도 친절하게 잘 해주네요
직원분들 다 친절하셔서 방문할때마다 치과에 대한 공포감이 없네요 치료 마무리될때까지 잘 다녀야겠습니다",691432b17d37b0295459c0ee,FCZY,
25.10.18.토,25.10.18.토,7,규리보이,"오늘로 교정치료가 공식적으로 끝났습니다.
처음 치아에 철사를 걸던 날이 엊그제 같은데, 이제는 제법 가지런하고 당당한 미소를 짓게 되었네요.
매 방문마다 세심하게 봐주시고, 그날의 치료뿐 아니라 앞으로의 변화까지 늘 설명해주셔서 믿고 따라갈 수 있었습니다. 특히, 제가 궁금한 걸 끝까지 들어주시고 성의껏 답해주시는 모습이 참 인상 깊었어요.

그리고 오늘, 정말 뜻밖의 감동이 있었습니다.
교정 전부터 마무리까지의 과정을 사진으로 정리해 직접 영상으로 만들어 선물해주셨는데요
내 치아 성장 다큐를 보는 줄 알았습니다. 😂
(이쯤 되면 원장님은 치과의사 + 영상편집자 = ✨금손✨)

그 변화의 시작과 끝을 함께 해주셔서, 진심으로 감사드립니다.",68f31e05223a306c722550f1,4izTV,
25.10.18.토,25.10.18.토,5,최민국63,"오늘은 월 치료일 제외한 치료를 받기위해 
예약진료를 하였습니다. 

다름이 아니라 총각무를 씹다 
오른쪽 어금니 교정장치가 빠져버렸습니다. 
좌우로 움직임이 느껴져 

바로 예약하게 되었습니다.
딱딱한 음식은 좀 더 조심해야겠습니다 ㅠㅠ 

주말 진료임에도 바로 예약이 가능했고 
환자분들이 좀 많았지만 역시 연세새로이치과의원
친절하고 안정적인 진료 분위기였고 
최고의 의료 서비스를 받고 귀가 했습니다. 

믿고 다닙니다^^ 감사합니다!!",68f2ed005524116d9ae669a6,2qZjW,
25.10.17.금,25.10.17.금,9,Zzibumom,"이번에는 남편 데리구왔는데요~~~
회사근처 치과에서 인레이하라고했다는데..
겁많고 치과치료 많이 안해본 남편 걱정하길래
새로이치과로 데려왓어요 레진으로 갸능한지 여쭤보니
당연히 가능하다고 하셔서 바로 진행했습니다
언제나 친절하시고 과잉진료없는 원장님!
감사합니다~~^^ 꼭 필요한것만 진료해주셔서 좋아요
자주 다니는 이유입니다👍",68f20421ff745fa86e71a5b4,1eO8x,
25.10.17.금,25.10.17.금,3,아지4287,과잉진료 없다는 이야기에 와봤는데 생각보다 더 친절하시고 진료도 잘 봐주세요 !! 매복사랑니 뽑을때 신경이랑 거의 닿아있다는 말에 걱정이 많았는데 너무 깔끔하게 잘 뽑아주셨고 그렇게 아프지도 않았어요 ! 집 근처에 이런 치과가 있어서 좋아요 ❤️,68f1d5d00582dc4929fdde92,6v0JN,
25.10.16.목,25.10.16.목,9,babybear1117,"작년 6월에 시작해서 개인적인 일정상 1년 6개월 안에 마무리되길 원했는데,
원장님 덕분에 1년 4개월 만에 교정을 끝낼 수 있었어요!
진료도 꼼꼼하고 무리 없이 진행해주셔서 과정 내내 믿음이 갔습니다.
제가 부주의해서 자주 번거롭게 해드렸는데도 의료진분들 모두 늘 친절하고 따뜻하게 응대해주셨어요.
결과도 정말 만족스럽고, 다시 해도 여기서 할 거예요 😊
 교정 고민중이신 분들께 정말 추천드려요!",68f090f349ecb04d51a1fa8e,22VMW,
25.10.13.월,25.10.13.월,6,규리보이,"🎉 교정 치료 대장정, 오늘 드디어 완.전.종.료! 🎉
연세새로이치과와 함께한 제 치아 여정이 드디어 오늘 끝났습니다.

그동안 제 치아가 새로이 태어나는 과정을 지켜봐주신 원장님과 스텝 분들, 모두 감사드립니다. 진심으로 친절하고 섬세하게 케어해주셔서, 병원 오는 날이 이상하게 기다려지기도 했어요.
이제는 거울 볼 때마다 살짝 웃어도 자신감 뿜뿜! 😁
치아도 반듯, 기분도 반듯, 인생까지 반듯해진 느낌입니다.
교정 고민 중이시라면, 연세새로이치과 강력 추천드립니다. 저처럼 ‘새로이’ 웃게 되실 거예요!",68ec968528e8d71dba4c10c0,4izTV,
25.10.10.금,25.10.10.금,1,먹귤가귤,"병원 내부도 깔끔했고 다른곳에서 충치만 6,7군데 있다면서 견적 250만원 불러서 사회초년생이라 방티해뒀고 그때 이 떼우는것도 아파서 방치해뒀다가 간만에 이가 깨져서 왔는데 과잉진료 없었어요! 필요한 부분 알려주시고 제가 고민인 부분은 급한거 아니니 고민해보라고하셔서 이직.성공하면 하려고요! 치위생사 선생님도 친절하시고 의사선생님도 친절하셔서 치과공포있어서 피하던거 주기적으로 관리잘해야겠단 생각도 들고 이전에 사랑니발치했을때 아팠던 기억이 컸는데 이번에는 마취풀리고도 얼얼한.느낌만 들고 큰 통증은 없고 박유선 원장님께 했는데 잘봐주셨어요",68e8db09603c38ed8245fab5,1qBWs,
25.9.27.토,25.9.27.토,2,ixw****,현재 교정 진행중인데 아주 맘에 듭니다 사랑니도 여기서 뺐었는데 안아프게 잘 빼주시고 이후에 불편한것도 없게 잘 봐주시고 스크류도 박았는데 하나도 안아프고 스크류 특성상 빠질 수 있다는데 지금까지 한번도 안빠지고 걸리적 거리지도 않고 교정관련해서 질문도 잘 받아주시고 매우 만족중입니다.,68d761545a4742042ade3542,2cllMD,
25.9.26.금,25.9.26.금,2,pt****,"의사선생님이 모두 친절하십니다
깨끗해요
추천합니다",68d654fba378ef95263d3560,2n1Ei,
25.9.23.화,25.9.23.화,2,mae****,앞니치료 받았습니다  아주 자연스럽고 마음에 듭니다 원래  치아는 깨져있고 돌아가고 색도 까맸는데 교정도 안했는데 고른이가 되고 색도 모양도 원장님과 상의하에 정했는데 너무 마음에 들어요 추천해요,68d2290acbd7acc544febc15,deeqz,
25.9.17.수,25.9.12.금,1,spk****,"기존 교정 유지장치가 끊어져 방문하였는데 확인하니 다른 썩은 치아도 많아서 모두 치료 받았습니다. 
다른 병원처럼 과잉 진료도 없고 꼼꼼하게 필요한 부분만 시술해주시는 것 같아서 매우 만족스럽습니다. 
기존에 사랑니 2개도 썩은 상태로 있었는데 타 병원에서는 다 뽑으라 했었는데 원장님께서 썩은 부위만 치료하고 사랑니를 보존하게 해주시고 아주 좋네요~",68ca297af035677d2f9fd10a,2vt6X,
25.9.10.수,25.9.10.수,3,최민국63,"오늘는 교정시술 3개월차 
진료를 하고 리뷰를 씁니다.
가끔 불편할때 내가 이걸 왜시작했지 
현타가 오지만 이제 시작한지 
언 3개월 반드시 가지런한 치아를 
가져보겠습니다~~( ⁼̴̤̆◡̶͂⁼̴̤̆ )
거두절미 하고 이번에는 
점점 더 강력한 교정철사를 사용 및 
고무줄착용했습니다 
그래서 그런지 두달차 교정 때보다 
많이 빡빡한 느낌을 받습니다. 

그럼에도 크게 불편함은 못느껴지네요 ^^ 
원장님이 잘 되고 있다고 하니 마음이 놓입니다. 
오늘도 어김없이 치위생사님 실장님 반갑게 맞아주시고 안아프게 진료도 봐주셨습니다. 

내달 또 내원해서 뵙겠습니다 
바쁜일상에 기분 좋아지는 치과입니다.
고맙습니다.",68c1114d075ed37e77640916,2qZjW,
25.9.9.화,25.9.9.화,2,hh****,"예전에 방문했었고 이번엔 다른 치아가 깨져서 또 방문했습니다.
크라운 치료 했는데 원장님이 너무너무 잘 상담/치료해주셔서 감사했습니다🥰🥰",68bfd675a88b51f83c7a77c4,3ZtOn,
25.9.2.화,25.9.2.화,1,V030,친절하게 설명해주시고 진료해주십니다.,68b6bb7b3b3443e43fb05a82,9CAWb,
25.9.2.화,25.9.2.화,1,dio****,오늘 검진하고 스케일링 받았는데 꼼꼼하고 아프지않게 넘 잘해주셔서 넘편안했어요 감사합니다 우리딸도 스케일링받았는데 넘좋았대요,68b65a7f3d90c6df496fd66c,eiWWp,
25.8.27.수,25.8.27.수,1,cut****,교정 전문 원장님이라 그런지 설명이 꼼꼼하고 믿음이 갑니다. 오픈한지 얼마안되서 모두 새기계들이었고 분위기도 깔끔하고 직원분들도 친절해서 좋았습니다. 교정 후 관리방법까지 알아듣기쉽게 알려주셔서 정말 만족합니다. 강력 추천합니다!,68aea6bab3612fefa20ef918,1cckC,
25.8.25.월,25.8.25.월,1,jsah,"아이 세명이 교정중이예요
원장님 교정전문의라 믿음이 가구요 
다른 병원은 상주하는 교정원장님이 아니라 이곳으로 선택해서 교정 진행중입니다 
원장님 직원 분 모두 친절하고 좋습니다
추천합니다",68ac19013c81e35b4bc1fa7c,33wp1,
25.8.22.금,25.8.21.목,1,mae****,"교수님  진료가 섬세하고 간호사선생님들의 친절함에 감사드립니다
예전에경험하지못한 섬세함과친절한서비스 
그리고 쾌적한환경 넘 감사합니다",68a7d31047b1673cd4c65d44,deeqz,
25.8.16.토,25.8.16.토,2,happy98,"저녁에 잠을 못잘 정도로 윗니어금니쪽이 신경쓰이고  아파서  연세새로이치과로 방문했어요.
뺄려나 마음먹고 병원방문했으나  빼기는 넘 아깝다며 신경치료 받아보자해서 신경치료받았어요.
통증도 없어지고  오른쪽으로 아파서 씹지를 못했는데 치료받으니 살것같아요.
이래서 아프면 주저말고  병원가야하나봐요.
감사합니다.",68a0017530c70b6d677ba507,6yo8A,
25.8.16.토,25.8.16.토,2,처이영,"스케일링을 위해 다시 찾는데 입구부터 환영 받는 듯한 느낌을 다시 받았습니다. 대기 공간의 청결함과 함께 직원들의 배려가 돋보였습니다. 시술 시에도 선생님께서 단계마다 부드럽게 설명해 주셔서 불안감이 전혀 없었습니다. 치아가 눈에 띄게 깨끗해진 느낌이었고, 이후 관리 방법까지 상세히 알려주셔서 더욱 만족스러웠습니다. 꼭 추천하고 싶어 후기 남겨봅니다^^",68a00103c34698de05cb433c,7a0ER,
25.8.16.토,25.8.16.토,1,아네모네616,"감사합니다  지방에서 몇년 전에 했던 임플란트가  깨져서  다시 하려고 연세 새로이 치과를 방문하여 치료를 받고 정말 추천해도 될 만한 곳이라는 생각이 들어 글 올립니다 항상 치과에  가면  가슴 졸이고  두손 깍지 끼고 온 몸이 긴장이 되어  두려워 끝나기만 기다렸는데  오늘은 준비하시나 했는데 끝났습니다 하는 겁니다  믿기지 않을 정도로 편안했으며 요즘 의술이 이렇게 좋아졌나 싶었으며 원장님의 섬세한 손길과 꼼꼼함으로 아주 만족하게 되었으며  주변의 지인들에게 정말 추천하고 싶습니다  친구들에도 전화해서 지역이 멀어도 꼭 가라고 강추하고 싶은 연세 새로이 치과입니다 
 널리 알려져 모두 편안한 치료 받으시면 좋겠습니다",68a00aa7b93c2e7fc7c75215,1n87o,
25.8.16.토,25.8.16.토,1,fir****,"8/16 스케일링 받았는데 원장님께서 진짜 친철하게 모르는 내용 물어봐도 잘 알려주시고, 진료도 꼼꼼히 해주셔서 마음이 놓입니다.
다음번에도 여기로 재방문 하겠습니다^^",68a003361ec07c913a89fafd,32Un1,
25.8.16.토,25.8.16.토,2,언제나16,"교정상담하고 충치치료 받았어요
쌤들 친절하시고 치료도 만족스럽습니다^^
내부도 깨끗하고 좋아요~
앞으로도 잘 부탁드립니다~^^",689fe7f5d1b220f49eb37b93,1bI0j,
25.8.14.목,25.8.14.목,1,차파는남자 김과장,많은곳 검색하다가 후기도 좋고 믿음이 가서 진료받았는데 확실히 좋아요!!!!,689d9e0a42c9757e8a6d4def,ebxZa,
25.8.14.목,25.8.14.목,2,duc****,첫번째 방문인데 간호사님들도 엄청 친절하고 원장님도 설명도 잘해주시고 좋았어요,689d8b934eadbcc8f458b01e,1hqQP,
25.8.16.토,25.8.14.목,4,히 히  히,"스케일링이랑 미백하러 방문했습니다. 치과 좀 무서워하는 편인데, 여기 원장님은 갈 때마다 정말 편하게 대해주셔서 마음 편히 시술받을 수 있었어요!!
이번에 받은 미백 시술도 기대 이상으로 너무 잘 돼서 거울 볼 때마다 뿌듯하네요. 항상 꼼꼼하게 신경 써주시고 마무리까지 완벽하게 해주셔서 정말 만족스러웠습니다.
여기 4번째 온거라 앞으로 여기로 올려구요 ㅎㅎ 추천해요!",68a00a250c169c49237cec26,45aKi,
25.8.18.월,25.8.14.목,3,오늘도 뜨개,임플란트를 하려고 여러번 방문 항상 친절 하시고 믿음있는 치료 추천합니다,68a27cd0f51b62f9ef755e15,5EXx,
25.8.13.수,25.8.13.수,1,rnl****,"왼전 좋아요
아기가 좋아해요",689c623e33fbd43b36c3fdaa,1T18k,
25.8.13.수,25.8.13.수,5,깡이6948,"예약하고 방문했어요
친절하시고 상담 잘해주세요
무엇보다 쾌적해서 좋아요~",689bfda4e6f21a58619c0b5b,2H0r6,
25.8.13.수,25.8.13.수,1,par****,아이 교정치료 알아보다가 소개받고 왔어요. 쌤들 모두 친절하시고 꼼꼼하게 잘 해주세요. 시설도 깔끔하고 좋아요.,689be35811a0c976e869f46d,2mogJ,
25.8.12.화,25.8.11.월,1,진돌3,아주 친절하세요.,689abcb34917f1b3d36f3384,3xyT6,
25.8.11.월,25.8.11.월,1,ra****,딸아이 학교 치과주치의 사업으로 구강검진을 받았어요.  충치를 일찍 발견해서 레진과 실란트 치료 잘 받았습니다. 아파하기 전에 치료를 잘 받게되어 좋습니다. 선생님께서 친절하고 자세하게 아이 상태를 설명해주셔서 안심되었습니다.,6899abc7f65dad3b83a7e082,3tnqD,
25.8.9.토,25.8.9.토,1,개미양36,"이가 시려서 방문했는데 친절하게 설명해주시고 진료받을 내용도 자세하게 알려주셔서 좋았어요👍
시설도 깔끔해요! 또 방문할게요~",6896d15092779ca9bbc60d3d,2Jzq7,
25.8.9.토,25.8.9.토,1,lg****,"아이 충치치료 받으러왔어요
깨끗하고 친절하게 잘해주십니다
우리딸소개로왔어요 추천해요",6896bf9e5dc801e35e3afec1,3RXDZ,
25.8.4.월,25.8.4.월,1,짱멩잉,친절하고깨끗해서좋아요 다른사람소개해주고싶어요,689074a3c55eeded36e70852,t1AU,
25.8.4.월,25.8.2.토,7,Zzibumom,언제나 친절해요~~~~ 간만에 검진왔는데 민생쿠폰 써서 공짜로 치료받은기분이네요~~^^ 물리치료도 해주시고 감사해요~ 더운데 부채도 챙겨갑니다 ㅎ,68900a212c8cbd64a9400fb5,1eO8x,
25.8.2.토,25.8.2.토,5,규리보이,"올여름 너무 더워서 에어컨 없이는 못 살겠다 했는데… 치과에서 새로운 쿨링 스팟 발견했습니다.
입 안이요. 네, 제 입 안이요(?)

교정 치료 받고 스케일링까지 받았는데, 시원~하게 정돈된 치아 사이사이에 바람이 솔솔 들어오는 기분!
마치 입속에서 에어컨 튼 느낌이랄까… 이제 얼음 없이도 입이 시원해요 (물론 기분 탓입니다만).

이 정도면 치아도 여름맞이 재정비 완료.

그리고 스케일링!
치석들이 마치 더위 먹은 사람들처럼 줄줄이 탈출.
나름 시원한 해방감을 맛봤습니다. (치석은 안녕👋)",688d9b26ca6e2081bf65ddc7,4izTV,
25.7.9.수,25.7.8.화,6,kijaeng,"양쪽 아래 어금니 임플란트 치료 중인데, 연세새로이치과 박유선 원장님께 받고 있습니다.
치주과 전문의라서 그런지 진료가 정말 꼼꼼하고 전문적이에요.

오른쪽은 이미 보철물까지 셋팅을 마쳤고, 오늘은 왼쪽 아래 본을 떴습니다.
요즘은 모든게 다 디지털이라 좋네요. 뼈 잘붙었는지 수치도 기계로 재고 단단히 잘 붙어서 스캔으로 본뜨는것 진행했어요. 어려움 없이 편하게 끝났고, 전체적으로 과정도 빠르고 체계적이었습니다.

임플란트 수술도 생각보다 아프지 않았고, 회복도 빠른 편이라 불편함 없이 잘 지나갔어요.
진료 내내 부담 없게 잘 이끌어주시고 설명도 자세해서 신뢰가 갔습니다.

임플란트 고민하시는 분들께 박유선 원장님 진심으로 추천드려요!👍👍👍👍👍",686ddebfc3d2669aed858391,2tND6,
25.7.5.토,25.7.5.토,4,규리보이,"치아가 드디어 사회생활을 시작했습니다.
처음엔 각자 성격 다르고 제멋대로였던 애들이, 이제는 줄 맞춰 군대 간 듯 가지런하게 서 있네요.
교정 거의 끝나가는데, 아쉽기도 하고 감격스럽기도 하고... 마치 브레이크 없는 롤러코스터에서 무사히 내린 기분입니다.

오늘은 스케일링이랑 추가 치료도 받았는데요, 너무 시원하고 개운해서 치아가 나한테 “고마워…”라고 말한 것 같아요.
선생님 손길이 너무 부드러워서 거의 스파 받는 줄 알았고요. (사실 살짝 졸 뻔했음.)

진심으로 감사드리고, 여기 아니었으면 제 치아 인생 이 정도로 꽃피진 못했을 겁니다.
앞으로는 더 열심히 잘 닦고, 치과도 정기적으로 출석 도장 찍으러 오겠습니다!",6868af13468ccded549612a9,4izTV,
25.7.5.토,25.7.5.토,2,rest0209,"깨끗하고 선생님들 모두 친절해요
치료도 꼼꼼하게 해주시고 상담도 자세히 해주시네요
둘다 교정 잘 하고 있어요!!",6868983c442c525e24984365,3ADTK,
25.7.3.목,25.7.3.목,2,최민국63,"1주일 전에 예약하고 
미루고 미뤘던 교정하기 늦은나이
36살에 그래도 앞니는 안벌어진 
치아로 살고싶어서 
교정치료를 연세새로이치과의원에서 
이범준 원장님께 치료 받았습니다. 

예약하고 
치과에 입장하는 순간부터 끝까지 
친절하게 치아 엑스레이 스캔 
부분 스켈링 등 치위생사 
선생님들이 친절하고 안프게 도와주셨고 

교정치료 또한 물흐르듯 스무스하게 윗쪽아랫쪽 치료를 해주셨습니다!! 너무 안아프고 친절하게 대우해주셔서 바로 이감정 그대로 위에 부끄럽지만 제 치아사진을 찍어서 리뷰공유 드립니다. 
많은 분들이 차원이 다른 연세새로이치과의원을 느껴보셨으면 좋겠습니다. 

앞으로도 1년넘는 
교정치료 잘부탁드립니다. 

파이팅^^",686632f9d6716d9b83f5846d,2qZjW,
25.7.2.수,25.7.2.수,2,기현3174,"오늘 발치와 스크류 진행했는데, 원장님과 직원분들이 너무 친절하게 해주셨습니다
제 지인한테도 소개해주고 싶은 치과입니다!",6864ecddaa7f1fbcf64842e6,dr6rp,
25.7.2.수,25.7.2.수,4,jaejtrwt,친절하고 꼼꼼하게 봐주셔서 잘 다니고 있습니다~ ^^,6864a66fd6716d9b83f18a58,3ZkJH,
25.7.9.수,25.6.30.월,1,오로라2997,"집 근처라서 방문하게 됐는데 
분위기도 편안하고  
친절하고 꼼꼼히  챙겨주셨어요
잇몸치료  임플란트  한달 간의 치료가
드디어 끝났네요  
내 치아인듯  편안 합니다~
감사 드려요~~^^",686d382fedec874fcb2fdb33,42Fb9,
25.7.1.화,25.6.30.월,2,우럭849,"치아 통증 때문에 방문했었는데 친절하고 자세히 설명해주셨어요!
과잉진료 없고 필요하신 부분만, 왜 필요한지도 설명해주셔서 좋았습니다!",68633612fea4359309009642,5qRjg,
25.6.24.화,25.6.24.화,2,고릴라7246,"스케일링과 충치 치료를 위해 연세새로이 치과에 방문했습니다. 사실 치과 가는 것을 좋아하지 않는데도, 이곳은 정말 만족스러워서 후기를 남기지 않을 수 없네요.

먼저, 선생님의 뛰어난 실력에 감탄했습니다. 꼼꼼하면서도 능숙하게 스케일링을 해주셔서 시린 느낌도 거의 없었고, 충치 치료도 아프지 않게 잘 마무리해 주셨습니다. 치료 과정 내내 제 상태를 세심하게 살피시며 설명해 주시는 모습에서 전문성이 느껴져 더욱 신뢰할 수 있었습니다.

또한, 모든 직원분들이 정말 친절하셨습니다. 접수부터 상담, 치료 안내까지 미소로 응대해주시고 궁금한 점을 여쭤볼 때마다 자세히 알려주셔서 마음 편히 치료를 받을 수 있었습니다. 덕분에 긴장하지 않고 편안한 분위기에서 진료를 받을 수 있었습니다.

꼭 재방문하겠습니다. ^^",685a308010aaa081899045b2,Uipr,
25.6.19.목,25.6.19.목,1,tpsgmlh58,다들 너무 친절하시고 분위기도 편안해서 좋았어요!! 예약 시간보다 딜레이 되는 것도 없고 딱 시간 맞춰 주시는 것도 너무 좋아요 번창하세요❤️❤️,6853ac044e70ca4bce3c6989,4Sc6Z,
25.6.17.화,25.6.17.화,5,kijaeng,임플란트 머리 붙이러 내원했습니다. 머리 높낮이 맞출 때 꼼꼼하게 해주셔서 현재 불편함 없이 잘 씹을 수 있게 되었습니다. 감사합니다,6850daf8a6bd8242176ec834,2tND6,
25.6.18.수,25.6.16.월,1,ixw****,부정교합으로 교정 진행중인데 꼼꼼하게 잘 체크해주시고 잘해주십니다,6852254c57e577d135547183,2cllMD,
25.6.7.토,25.6.7.토,1,rest0209,"치료에 진심이신 치과 선생님들 입니다 
꼼꼼하고 자세히 친절하게 해주세요 
간호사 샘들도 친절 합니드",6843adcff72abe4ef257ca6d,3ADTK,
25.6.7.토,25.6.7.토,1,유미영87,아이 충치치료하고 홈메우기했어요 원장님께서 아이가불안하지않게 치료해주셔서 좋았어요  소아치과 안부럽네요 마음놓고 치료끝내서 좋았어요 ^^♡♡,68443802bc1d4c9aa232db03,312uw,
25.6.7.토,25.6.7.토,1,hel****,떼운게떨어져서 병원왔다가 치료받게되었어요 굉장히  오랜만에 치과오기도했고 흐린눈으로 미뤄왔던치료들인데 하나하나 설명해주시고 저에게 맞춤형으로 진심을다해서 알아듣기 쉽게 상담해주셔서 좋았어요 과잉진료없고 친절합니다,684439c02a60265e66fc7e50,b6TMj,
25.6.7.토,25.6.7.토,2,브이요,"사랑니, 충치치료 다 잘 받고있어요 🙂 항상 친절하셔서 너무 감사합니다.",6843a95629c4bacba25f9719,8VDMA,
25.6.5.목,25.6.4.수,4,kijaeng,오늘은 임플란트 치료 전에 턱관절 마사지를 받았습니다. 치과 치료 특성상 입을 계속 벌리고 있어야 하기 때문에 턱관절에 무리가 갈 수 있는데 안마의자에 앉아서 안마도 하고 턱관절도 풀어주니 완전 맛도리입니다👍 다들 한번 받아보세요 덕분에 임플란트 치료도 무사히 받았습니다,68413e0628f31569fda942ac,2tND6,
25.6.5.목,25.6.2.월,2,qwe****,"치과를 무서워 하던!! 대학생 입니다!
어릴적부터 이곳저곳 치과를 많이 다녀본 사람으로써 교정 시작한 후로 너무 마음에 들어 리뷰적어봐요.

🧹이곳은 일단 엄청 깔끔합니다. (교정땜시 자주 와야하는데, 아무래도 올때마다 깔끔한곳 보면 기부니가 좋아지죠~^^)
💉가장 신경쓰이는 마취를 3차로 나눠서 진행하는데 전혀 안아프게 하더라구요.설마 안아플까 했는데 와보시면 압니다. 신기하게도 하나도 안아프고 의사 원장님께서 편하게 말씀 해주셔서 긴장도 좀 덜한것 같네요.덕분에 이곳은 올때마다 첨으로 무서움 없이 올수있는 유일한 병원이 됐어요.☺️
🩼턱아프신 분들을 위해 끝나고도 긴장푸는 안마와 턱안마도 받을 수 있으니 너무 만족스러워요.
🤗지금 교정 2달차인데 설명한번 받아보시면 결정하기 쉬우실거에요.
이곳 적극 추천!",684125acf91b854eb0b51138,6sG6v,
25.6.1.일,25.5.31.토,1,까만콩7062,"당일 예약없이 스케일링하러 왓어용
대기없이 들어갔고 친절하시네욤~~
물약마취 해주시고 하나도 안아파용 ㅎㅎㅎ
검진도 같이해주시네용~~~원장님 친절해서 앞으로 여기로 다니려구영",683bc864047150ac65cef733,2XGwt,
25.6.1.일,25.5.30.금,1,완산동핵주먹,인생치고ㅏ입니다 임플란트랑 틀니제작했어요 튼튼하게만들어줘서감사합니다 추천~~~~~~~♡,683bb6e7da5b84629258a402,2I5Ap,
25.6.1.일,25.5.30.금,1,성은이 아빠,틀니쓰다가 너무 힘들어서상담받고 임플란트 여러개 심었어요 너무친절하시고 이럴게 상냥한곳 처음이에요  원장님박사님이라더니 빠르고 정확하녜요 잇묨이쪼그라들어서 어려운케이스라했는데 못심는게엎ㅅ으시네요 감사합니다,683bb920a4c4c10f516ea583,5JoAJ,
25.6.4.수,25.5.30.금,1,dja****,임플란트 해야해서 고민끝에 내린결정이지만 이 병원선택하길 잘했어요 상상했던것보다 선생님들이친절하시고 원장님 마인드가좋아요,683f9628693c2f94e868bd25,dAP0h,
25.5.29.목,25.5.29.목,1,hsi****,오늘 엄마 임플란트  하러 왔습니다 소문에 실력이좋다고해서 상담후 진행햇어요 깨끗하고 선생님들 친절하네요. 잘부탁드립니다,6838096da0a779eefa7a3132,bFyPu,
25.5.28.수,25.5.28.수,1,Daisy601,직원분들 너무 친절하시고 설명도 자세해서 좋았어요! 앞으로 교정 잘 받겠습니다. 감사합니다~,6836eeaff9b61b7b4b1f2dab,CAC4,
25.5.28.수,25.5.28.수,1,157333,여기서 사랑니 뺐는데 하나도 안 아프고 편하게 뺐어요!!,6836a337b50994bfcd12b90c,efCkY,
25.5.28.수,25.5.28.수,3,kijaeng,임플란트를 시작하고 3번째 방문입니다. 한달 좀 넘었는데 벌써 임플란트 본뜨다니 빠르고 좋은 것 같아요 임플란트 심고 난 뒤에가 너무 기대 됩니다,6836a446efe9f6c9790bcff4,2tND6,
25.5.24.토,25.5.23.금,2,psk****,대기 시간없이 바로바로 진료받을 수 있었어요! 다들 친절하시고 편하게 교정치료 받았습니다!,68311ed4c908689976646615,evROb,
25.5.21.수,25.5.21.수,1,m10****,"너무깨끗합니다~
선생님들 친절하시고 상세히설명잘해주셔서
감사했어요~♡무조건 !!!강추!!!!",682db30a1e39129209e7dc1e,ewQFB,
25.5.20.화,25.5.17.토,2,유네3752,신경치료하는중입니다 걱정이였는데 아프지도않고 하나하나신경써주셔서 감동이였어요 실력좋으시고 좋은재료만 쓰시더라구요. 믿음이가고 치료비도 많이 비싸지 않았어요.,682c75112fa9a9bf3ffdac6d,3GQZu,
25.5.18.일,25.5.17.토,1,Qwsdxc,깨끗하고 좋아요 친절합니다,682949fcf19ae045441cbbb2,3fuPo,
25.5.18.일,25.5.17.토,1,vg****,다들 친절하세요. 섬세한 진료 상담 감사합니다.,6829614e39af213a95363713,4XrUp,
25.5.20.화,25.5.17.토,1,김양중95,성심성의껏 치료해주시고 친절해요!!👍👍👍👍,682c742e6f74013620aadcc7,11Fn2,
25.5.17.토,25.5.17.토,1,최민국63,"가족전부 진료를 봤습니다. 
주말인데도 퇴근시간까지 
지나시면서 끝까지 꼼꼼하게 
진료 및 검진을 해주셔서 

앞으로도 여기로만 다닐겁니다.
정말 친절하시네요 모두

감사합니다 진료 잘받고 갑니다.",68284b58a5b53f7652162d52,2qZjW,
25.5.16.금,25.5.16.금,4,babybear1117,교정중인데 항상 친절하고 진료 잘해주세요!,6826c272ff9b919adc2d9519,22VMW,
25.5.14.수,25.5.14.수,3,규리보이,"세 번째 방문인데, 매번 올 때마다 원장님과 직원분들이 너무 친절하셔서 매번 '치과가 이렇게 좋을 수 있구나'라는 생각이 들어요. 치료 과정도 불편한 점 하나 없이 마치 ‘치과의 마법사’가 된 기분! 덕분에 불안했던 마음은 어디로 가고, 오늘도 기분 좋은 미소로 돌아왔습니다. 치과가 이렇게 즐거운 곳이 될 줄은 몰랐네요! 강력 추천합니다!",68246e075be8d8f061b98980,4izTV,
25.5.14.수,25.5.13.화,4,msk****,"드디어 교정장치 붙였습니다! 원장님의 빠르고 정확한 손놀림 덕분에 오래걸리지 않고 금방 끝났어요ㅎㅎ 얼른 아래도 붙이고싶네용 늘 친절하게 해주시는 원장님, 치과위생사 선생님들 감사합니다😊",682443af850bc3f6a6909ed8,bo4RB,
25.5.10.토,25.5.10.토,5,khs****,"이가 시큰하고 아파서 신경치료도 하고 패인데도많아서 떼웠어요 환자를 먼저생,각해주는치과 좋아요 단대오거리에 잘하기로 소문난,치과라더니 억시 굿입니다 앞으로도 잘부탁드립니디ㅡ",681f0716be62f9819363ba57,5d20R,
25.5.10.토,25.5.10.토,3,맛깔,"마지막 잇몸치료네요 간지러웟던 잇몸이 시원하네요 잇몸도 탄탄해지고 쫀쫀해지는느낌 ~~~~~~이제 피도안나고 부음것도 싹 가라앉음 정기검진자주올게요,,,",681f057d1d38a1f4d9fa2ffb,6Icfb,
25.5.10.토,25.5.10.토,1,kim****,검진하고 스케일링도 햇어요 예전에 씌웟던 치아에 구멍나고 썩어있어서 크라운치료받았습니다  당일예약해서 오늘 치료못받을줄알았는데 친절하게 해주셔서 감사했어요 따봉입니다 ㅋ 👍👍👍👍👍,681f04ded867c4d75e5cdd02,a5FBY,
25.5.9.금,25.5.9.금,1,jin****,"교정중입니다
친절하고좋아요
교정끝나고기대됩니다",681dc8320559f3b39a158c77,1yza2,
25.5.9.금,25.5.9.금,6,Zzibumom,"잇몸이 안좋았는데 최근에 자꾸 고름같은게 여러번 나와서 미루고미루다가 다른치과갓는데 빼야한다고 해서 다른치과 찾아보다가 치주과 전문의가 있는 새로이치과와봤어요 원장님이 잇몸뼈가 너무 많이녹았다고....
발치가능성이있지만 살려보시겠다고해서 잇몸치료와 염증치료도 같이하고 엠도게인이라는 약재도 넣어주셨어요. 뼈 재생시키는거라고하네요. 첨들어봤는데 일반치과에서는 잘 안하는 고가의 재료래요. 그래도 치아살려보려고 해주셔서 김사합니다. 이제 염증안나고 아프지않아요. 친절하고 섬세하세요. 실밥제거할때 갈게요",681d9dad5443ffdcbb953478,1eO8x,
25.5.9.금,25.5.9.금,2,vmflcl10,"지난번에 스켈링받고 잇몸치료도 해야한다고 해서 받았는데 세상 개운해요!
치과마취하는거 진짜 싫어하고 아픈데ㅠㅠ 남자원장님 마취 하나도 안 아프게 놔주시고 진료 받는 내내 직원분들이 아픈지 계속 확인해주셔서 감동받았어요!!",681da124b47a64b54729e957,1bhnm,
25.5.12.월,25.5.7.수,1,솜이는 물어,"교정 상담을 위해 급하게 여러 치과를 찾아봤는데,
여기만큼 자세하고 이해하기 쉽게 천천히 설명해주는 곳은 처음이었어요!
실장님, 원장님, 치위생사 선생님들 모두 정말 친절하시고 응대도 섬세하셨어요!
교정은 자주 방문해야 하는 진료인데, 이곳은 원장님이 항상 상주해 계셔서
예약 잡고 방문하기에도 매우 편리 합니다!
원래는 다른 치과에서 교정을 진행하려 했지만,
상담 후 바로 취소하고 요기서 하기로 결정했답니다ㅎㅎ",6821e96eba2188176b6c084f,c71BF,
25.5.7.수,25.5.7.수,2,darly,"충치 치료 두번째로 하러왔어요, 의사님 간호사분들 다 친절하시고 치료 과정도 편했어요!! 치료 예약으로 대기 없이 입장했고 굉장히 친절히 치료해주셔서 안 무서웠어요. 리뷰에 친절하단 말 많은데 정말이에요 *^__^*/// 턱 물리 치료도 처음 받아봤는데 좋았어요.",681b07c037df9fb371a3db6c,dstmU,
25.5.7.수,25.5.7.수,1,속닥89,원장님과 치위생사분들 전부 친절하고 상냥하십니다. 내부가 깨끗하고 위생적으로 보여요.,681b1d1e00e0db88895ccc7e,5IfBQ,
25.5.7.수,25.5.7.수,1,기현3174,"연세새로이치과에서 교정 치료 중입니다
의사선생님과 원장님, 간호사분들 모두 너무 친절하시고 교정 과정을 알아듣기 쉽게 설명을 잘 해주셔서 믿고 교정 치료 맡길 수 있을 것 같습니다!!",681b19d55bf349c5a0261166,dr6rp,
25.5.8.목,25.5.7.수,3,babybear1117,친절하고 진료도 꼼꼼히 잘 봐주세요,681c3a42e7937ddeb1faf80d,22VMW,
25.5.7.수,25.5.7.수,3,휘민쓰,"여기 치과 원장님 간호사분들 다 친절해요☺️
이미 성남 친구들은 다 알고있더라고요 🥰
하나도 안아프고 꼼꼼하게 해주시고 아프면 계속해소 다시 봐주시규🥹감동...🥹
치과 치료 고민 중이라면 여기로 꼭 오세요!!!!",681ac7298ff103306feaa5a2,4jOut,
25.5.6.화,25.5.3.토,2,맛깔,병원내부 깨끗하고 원장님 믿음이가요 직원들도 친절해요,68196c720dffb94793b2246e,6Icfb,
25.5.6.화,25.5.2.금,1,max****,원장님이 친절하시고 실력이 진짜 좋으세요!! 사랑니 발치했는데 뽑은지도 몰랐습니다 발치 후 주의사항 등 상세하게 설명해주셔서 좋았어요~ 앞으로 치과는 여기로만 다니려구요 ㅎㅎㅎ,68196dda0edd6b510f4f807f,7p5oR,
25.4.30.수,25.4.30.수,3,dbw****,"사랑니를 뽑기 전에는 무섭고 걱정이 정말 많았는데, 여기서 너무 만족스럽게 치료받고 왔어요. 이원장님께서 시술 전부터 긴장을 풀 수 있게 자세히 설명해주시고, 발치하는 내내 아픈지 안 아픈지 계속 체크해주시면서 정말 세심하게 신경 써주셨어요. 그 덕분에 마음이 편해졌고, 실제로 통증도 거의 없었어요
발치 끝나고 나서도 불편함 없이 잘 회복 중이에요. 치과위생사분들도 너무 친절하고 밝게 응대해주셔서 병원 전체 분위기도 정말 좋았어요.
치과는 늘 긴장되는 공간이었는데, 연세새로이치과 덕분에 인식이 완전히 바뀌었습니다. 진심으로 추천드리고 싶은 곳이에요! 다음에 다른 치료도 꼭 여기서 받고 싶을 만큼 만족도 최고에요! 이원장님 최고",6811c4139f3fd193df005701,cSGTy,
25.4.30.수,25.4.29.화,2,minuetoes,"치주염이랑 충치 때문에 오랜만에 치과 가서 비용 걱정도 많이 하고 진짜.. 많이 깨질 각오햇는데 원장 선생님이 최대한 이 많이 살리는 쪽으로 진행해주심.. 꼭 필요한 치료만 해주셔서 좋았음
아마 다른 치과 갔으면 비용 어마어마하게 불렀을 것 같은데 걱정했던 것보다 비용 부담이 적어져서 너무너무 감사햇음 ㅠㅠ..
또 그동안 다닌 치과 중에 제일 친절한 치과엿음",681197a9d580306e03677f65,2h4E6,
25.4.30.수,25.4.29.화,2,kijaeng,저번에 임플란트 수술하기 위해 발치 두개하고 오늘은 반대편 치아 발치하기 위해서 두번째 방문하게 되었습니다. 병원 내부도 이쁘고 깨끗해서 위생적으로도 신뢰가 가는 치과인 것 같아요. 뿐만 아니라 직원분들도 친절하게 안내해주고 원장 선생님께서도 친절하고 자세하게 설명해주시고 마취를 안 아프게 해주셔서 너무 좋아요 앞으로 계속 방문 예정입니다.,68119896193668f00cbaa012,2tND6,
25.4.26.토,25.4.25.금,1,단풍의노래,"처음엔 스케일링 받으려고 집 주변에 치과 찾았는데 검사결과 이사오기전 신경치료 받았던곳이 잘못되어 재신경치료를 시도했습니다.
재신경치료는 기존 신경치료보다 더 어렵고 신경쓰실것도 많은데 정성스럽게 잘 해주셨고요 특히 러버댐쓰는 치과는 처음다녀봅니다. 신경치료도 사실 시간 정성 들이는거에 비해 병원입장에서는 귀찮을듯한데 친절히 해주시는것보고 좋았습니다.

단점으로는 주차장이 없는 건물이라 근처 공영주차장에 대고 조금 걸어와야합니다",680c2fd6d36c3bb9b67a35da,3fZSq,
25.4.24.목,25.4.24.목,1,MinSung09,여기서 치아교정했는데 정말 깔끔하고 위생도 좋고 안 아프게 잘해주시고 의사 선생님하고 간호사 선생님이 너무 친절하시고 착하시고 잘해주셔서 너무 좋아요 좋은 치과라서 추천해드리고시ㅠ어요 충치나 이빨이 아플때 꼭 한번쯤은 오셔서 진료 받으셨으면 합니다:),680a0a87a2e4ae2e8d8f9a29,dFEgR,
25.4.22.화,25.4.21.월,1,로미그랜맘,"위쪽 어금니가 깨져 당일 예약 방문했습니다.
병원내부 너무 이쁘고 깨끗하고 원장님과 모든 직원분들이 정말 친절하셔서 기분좋게 진료받고 왔어요.
동네에서 잘 한다고 입소문이 났던데
역시👍
과잉진료없이(이것이 핵심)
깔끔한 진료 해주셔서 감동 받았습니다.
혹시 또 몇 십만원 들면 어쩌지 내심 걱정했거든요.
설명은 어찌나 자세하게 해주시던지ㅎ
앞으로 치과는 딴데 안가고 꼭 
다시 연세새로이로 방문 하겠습니다.",68074f08bb35e97cf4df9567,5dmA9,
25.4.21.월,25.4.19.토,4,khs****,씌운곳 염증나고 아파서 치과왔는데 다른곳에선 치료안해주고 무조건 빼라고했는데 여기선 원장님께서 치아살려보려고 노력해주시는게 감동이였어요 재신경치료해야하고 발치가능성있다해서 걱정했는데 일단 통증이 없어져서 너무좋아요ㅠㅠ마무리까지 잘되었으면 합니다 치료도중에도 체크해주시고 아프지도않고 여러모로 추천해요!!!,6805e4f249453ecfcda26a45,5d20R,
25.4.19.토,25.4.19.토,2,슬이333,미루고 미루던 치과진료ㅠㅠ😭겁쟁이라 너무 무서웠는데 너무 친절하시고 치료 중간중간 설명도 해주시고 컨디션도 살펴봐주셔서 마음의 안정이 왔어요! 마취도 꼼꼼하게 해주셔서 다행히 통증이 없었어요..! 감사합니당🥰,68030c543efd461dee056692,3XrTS,
25.4.19.토,25.4.19.토,3,gloria349,"딸 교정을하고있는데 멀리서와서인지 음료수도 챙겨주시고 넘친절히 잘해주시네요~
선생님도 꼼꼼히 여기저기 잘 봐주시고 짱입니다!",6802f9fe4853743bc68de00b,3gDnZ,
25.4.19.토,25.4.17.목,2,gloria349,"깨끗하고 친절하게 설명을 잘해주십니다.
여러군데 상담받아봤는데 제일 괜찮았습니다",6802f978462713da8fdf21b4,3gDnZ,
25.4.17.목,25.4.17.목,1,kijaeng,임플란트 했는데 마취할 때 하나도 안 아프고 선생님들께서 꼼꼼하게 봐주셔서 좋았습니다,6800ac42ac649e1cef74fadb,2tND6,
25.4.16.수,25.4.16.수,2,규리보이,"연세새로이치과 다녀왔는데… 나 이제 치과 무서워하는 사람 아니야…! 😎 교정, 스케일링, 잇몸치료까지 풀코스로 받았는데도 이렇게 편할 수가 있나요? 원장님이 설명도 너무 잘해주시고, 직원분들도 다들 친절해서 병원 오는 길에 괜히 기분 좋았어요. 치과인데 힐링되는 기분…?
시설도 완전 깔끔해서, “여기 진짜 믿어도 되겠다” 싶더라고요. 전체적으로 별 5개 만점도 아까울 정도! 앞으로도 치과는 무조건 여기로 정착입니다 🙌",67ff9c5e2580a24e4789a9e7,4izTV,
25.4.17.목,25.4.16.수,1,vmflcl10,"스켈링 받았는데 너무 꼼꼼하게 잘해주셨어요!!
원장님이랑 직원분들 다 친절하고 좋아요!",68004b84a620903cd77b8be9,1bhnm,
25.4.16.수,25.4.16.수,2,dbw****,"앞니에 충치가 생겨서 치료 받았어요 앞니라서 걱정이 많았는데 감쪽같이 예쁘게 치료해주셔서 너무 좋아요
박원장님 최고~!!",67ff42f1b6d9de6c853ec3b7,cSGTy,
25.4.16.수,25.4.16.수,2,숙이5494,"밥먹다가 앞니가 깨져서 급하게 치과 방문했어요 
깨진부위가 작아서 떼울수 있을지 걱정됬는데 아주 예쁘게 티나지않게 떼워주셨어요 만족합니다",67ff4265ecd980f6f9a2995e,1ENm8,
25.6.5.목,25.4.9.수,1,aer****,"친절하신 원장쌤덕분에 이교정 잘해보겠습니다.
감사합니다 ^^",68410cfb725c9e80fc37651a,6sy9S,
25.4.17.목,25.4.9.수,3,msk****,"여기 치과 좋다는 소문이 자자해서 믿고 한번 와봤는데
선생님들 너무 친절하시고 좋네요. 원장님도 꼼꼼하게 봐주셔서 제대로 된 치료를 받은것 같아 기분이 좋았어요.
감사합니다 주변에 널리 알리고싶을 정도에요~^^",68004c3a34faa0eb1f3aacfd,bo4RB,
25.3.31.월,25.3.31.월,1,darly,"30분 전에 당일 예약해서 왔는데 접수도 바로 받아주시고 직원분도 의사님도 정말 친절하게 진료 봐주셨어요 ㅠㅠ!!! 병원 내부도 깨끗하고 깔끔하고 아늑한 분위기였고 정말 편안하게 진창 받고 나왔어요, 시설 장비들도 다 깨끗하고 깔끔했고요
무엇보다 직원분과 의사님들 다 정말 친절하게 응대해주셔서 정말 좋았습니다
리뷰에 친절하다는 말이 많아서 왔는데 정말이에요 ㅠ
감사합니다 앞으로도 여기 치과로 올게요!!",67ea65e9b82638eccd51001a,dstmU,
25.3.31.월,25.3.31.월,1,hh****,"원장님이 실력 있다고 지인 추천 받아서 왔습니다. 내부 인테리어가 너무 깔끔해서 한번 놀랐고, 검사 후 친절하고 자세한 설명에 두번 놀랐습니다. 치주과 전문의신데 박사 과정까지 수료했다고 들었는데 그래서 그런가 확실히 이전에 다녔던 곳과는 차이가 나네요. 다음진료때 또 뵙겠습니다^^",67ea9f10e47a323624ffb07e,3ZtOn,
25.3.31.월,25.3.31.월,1,메롱7596,출산 후 잇몸이 약해지고 이 시림이 심해져 방문했습니다. 스케일링과 시린이 치료 꼼꼼하게 해주시고 제가 질문이 많았는데 설명도 잘 해주셨습니다. 18개월 첫째 아이 영유아 구강검진도 같이 받았는데 아기가 무서워하지 않게 친근하고 섬세하게 케어해주시고 칫솔질 주의사항 등 자세히 알려주셔서 좋았습니다. 새로 생긴 곳이라 시설도 좋고 앞으로 아기랑 같이 쭉 다녀보려고 해요 ㅎㅎ,67eaa08baf365a5457d1d5f1,13pmD,
25.3.22.토,25.3.22.토,1,규리보이,제 인생 레전드 치과입니다. 모두 다 친절하시고 손님들의 니즈를 정확히 파악하시며 교정한지 아직 한시간 밖에 안됐지만 치아가 가지런해지려고 해요. 정말 추천드립니다!,67de3e81a72247f0dcdcb95f,4izTV,
25.3.22.토,25.3.22.토,1,허브줌,아이들 교정중이라 여러곳 비교해서 선택한치과에요 교정쌤이 직접사진보여주시며 치료계획자세하게 설명해주신점이가장신뢰감이들었고 직원들 모두 친절하시네요 아이가턱이아파서 턱관절 치료도병행하며 다니는데 이제아프단소리를안하네요 시설도깨끗하고 서비스도좋아서 만족하면서 다닙니다 더욱더번창하시길요~~,67de290095c09aee4bbc7a62,1gYyw,
25.3.20.목,25.3.20.목,1,사과나무6643,"지나가며 들린 치과인데 시설이 깨끗하고 의사샘 간호사샘들 모두 친절하세요
설명도 잘해주시고 중학생아들도 좋다고해요^^",67dbdac4601bb0127e76522c,1d4Xc,
25.3.13.목,25.3.13.목,1,gks3257,"아이  턱교정으로 상담받고 치료 진행했어요.
새로 생긴 병원이라그런지 시설도 깨끗하고 첨단장비를 사용해서 스캔하니 본뜨고 하는데 오래걸리거나 힘들이지 않고 했어요.
금액도 보통 생각했던것보다 저렴했구요~
친구추천으로 왔더니 2개월 월비도 세이브했네요.
올때마다 친절하게 맞이해주셔서 항상 감사하네요^^",67d27a7de1d1e0e4d455cfb3,2JIDl,
25.3.10.월,25.3.10.월,3,khs****,처음으로스켈링 받았는데 개운히ㅡ고  좋네요 치석이많아서 걱정했는데 하나도 안아프고 진작할걸 그랬어요 선생님들도 친절하시고 모든게 깨끗해요 다음주 라미네이트도 하기로했는데 기대되네요 얼른하고싶어요,67cec6c2c4d01ec04c865c9b,5d20R,
25.3.10.월,25.3.10.월,5,Zzibumom,젓가락 씹어서 치아가 깨졌는데 오늘 바로 떼웠어요 감쪽같이 떼워주십니다 시간도 얼마안걸리고 마취없이 바로 해주세요. 나머지 치료받을게 많은데 차차 하나씩 할게요 원장님 실력 짱 ! 감사합니다,67cea96c8c29c2f56f30bbfc,1eO8x,
25.3.10.월,25.3.10.월,2,ekge,치과공포증있어서 매 진료 볼때마다 떨렸는데 진료 볼때마다 어떤 거 할 지 설명을 미리 해주셔서 안정감이생겼어요. 앞으로 남은 치료 잘 부탁드립니당,67ceadbdb9ea6d554c748fe0,40kEd,
25.3.10.월,25.3.10.월,2,empty35077,"깨끗하고 좋아요
친절합니다👍",67cead1490b27de86facaed5,2oAgY,
25.3.10.월,25.3.10.월,1,god****,처음와봤는데 설명도 친절하게 잘해주시고 무엇보다 실력이 좋으셨던게 느껴집니다. 아픔이 전혀 안느껴졌어요,67ce8da67f15b8d851cd1ea2,4popn,
25.3.10.월,25.3.10.월,2,msk****,"교정때문에 방문했는데 원장님이랑 실장님 모두 친절하게 상담해주셨구 제가 원하는 방향으로 맞춰주셔서 너무 좋았어요💗😊 또 스캐너가 있어서 편안하게 진단받았습니당
벌써 이 두개 뽑았는데 하나도 안 아프게 쇽쇽 뽑아주셨어요~!~! 원장님 실력 최고👍",67cee4bc2e38ebdcae2e675b,bo4RB,
25.3.8.토,25.3.8.토,1,삼월팔일,"선생님과 간호사선생님들 모두 친절하시고 시설도 깨끗하고 좋아요
치료할 때도 불편한 부분 계속 신경써주셔서 편안하게 잘 치료 받았습니다 :)",67cbbf178d4dfdf728d9ee5f,5wjGZ,
25.3.8.토,25.3.8.토,4,깡이6948,"딸둘 교정하려고 여기저기 많이 알다보다가 결정하고 교정하는중인데 친절하시고
교정전문 의사쌤이 하셔서 믿음이갑니다
감사합니다",67cbc001195543d1c7f24c71,2H0r6,
25.3.8.토,25.3.8.토,1,윤충만,"아이들 교정치료중입니다
의사 선생님들과 간호사선생님들도 친절해요
앞으로도 잘부탁드립니다",67cbc0bdfc52e7bd34c1f9f0,2bPw8,
25.3.8.토,25.3.8.토,3,kupazzang,교정도 근처 치과들 보다 훨씬 저렴하고 너무 친절하십니다~^^,67cb94e6c0223ee6c5de2051,oY8d,
25.3.6.목,25.3.6.목,1,니가살아봤자100년,깔끔하게 잘 해주십니다.,67c9589811de567b94018460,27LPs,
25.3.5.수,25.3.5.수,1,강지5,"연세새로이 치과  쌤들 넘 친절하시고
유선쌤 치료 할 때 불안한 마음이 편해집니다.
항상 치과 갈  때 무섭고 힘들었는데 
앞으로도 쭈~~욱 치료 받으러 가야겠어요^^",67c81135835398999dc3a21d,2m1Yg,
25.3.5.수,25.3.5.수,2,sun6660,원장님 엄청 꼼꼼하게 봐주세요. 선생님 모두 친절하시고 능력자이십니다.^^,67c7fff05e9b66227b797a2a,28DmT,
25.3.4.화,25.3.4.화,1,dbw****,"선생님들 전부 너무 친절하시고 진료도 좋아요
병원이 아주 깔끔해요!",67c6ab9a88a85a231570a1e3,cSGTy,
25.3.4.화,25.3.4.화,1,ekge,원장님께서 과잉진료도 안하시고 친절하세요! 선생님들도 친절하게 응대해줘서 이제 여기에 정착 할 것 같아요~,67c6ab67d433e1ca514380ce,40kEd,
25.3.4.화,25.3.4.화,1,허쉬짱,"시린이치료받고 스케일링 진행했어요~
이렇게 편안한 스케일링은 처음입니다.
치과공포증이 심한데  편하게 진료받았습니다.
안아파요 ㅋㅋㅋ",67c65a81b8b982c395df4535,6w6M7,
25.3.10.월,25.3.4.화,1,곰순이7635,"3월4일 첫 방문
스케일링도 편하게 받고 잇몸 치료 예약
3번에 걸쳐서 한다고 하심
치과는 남녀노소 따지지 않고 가기 두려운 곳 중 한곳 아닐까 싶어요
저도 한달 버티다  병원으로 갔네요
스케일링 받고나니 잇몸 통증 없어졌네요
치주과치과 검색하다 양재쪽으로 가려하다 집가까이 있어 이곳으로 발길 옮겼는데 잘 선택 했어요
3월10일 잇몸치료예약 하고 1차치료 받아보니
원장님 환자 편하게 해 주시면서 치료 해 주심
여기 오길 잘 했다 생각 들었어요
잇몸치료 다들 생소하실텐데  잇몸 안 좋으신
분들 받아보세요 
일반치과는 안 해주니 치주과전문의로 가셔야
합니다,",67ce6ee453f7001f39701f9b,9y0IX,
25.2.28.금,25.2.28.금,1,gloria349,"교정하기위해 소개로 멀리 용인에서 왔는데 원장선생님 핸섬하시고 넘친절하시네요~
와서보니 연세대학교 치과대학 강의까지 나가시는 교정전문의시기까지하네요~
시설도 깨끗하고 간호사선생님들도 친절하시고 참잘왔다 싶은생각이듭니다!!",67c15b86c09cf6d2e0fb58c1,3gDnZ,
25.2.28.금,25.2.28.금,2,mate0215,"큰 아이에 이어 작은 아이까지 교정 받습니다. 원장님 친절하고 너무 좋아요~설명도 잘해주시고, 아이들도 만족하며 잘 다닙니다. 멀리온 보람 있네요^^",67c15b0dbb45b1edbd1f3531,ukjx,
25.2.27.목,25.2.27.목,1,sos****,다 엄청 친절하시고 저 아픈거 잘 못참는데 마취할때도 별로 안아파요 여기로 오세ㅇ,67c00e44b234cc6d6759622d,cfER6,
25.2.25.화,25.2.25.화,1,jee****,깨끗하고 친절해서 좋아요😊,67bd501c70a9e0996a366bd9,2csZWt,
25.2.25.화,25.2.24.월,1,msk****,스케일링 받으러 처음 와봤는데 단대오거리에 이렇게 좋은 치과가 있는줄 처음알았어요!! 선생님들도 너무 친절하시고 설명도 잘 해주셔서 긴장이 풀리더라구요💗 가글마취도 하고 진행해서 아프지않게 잘 받고왔습니다! 치과는 이제 연세 새로이로 정착할게요🦷🥰,67bd6ce6d3e9ec625de3acff,bo4RB,
25.2.24.월,25.2.24.월,1,whd****,"오늘 교정 진단받고 바로 시작했어요! 
원장님 매일매일 병원에 계신다하고, 무엇보다도 교정 전문의는 여기밖에없더라구요. 제가 걱정이 많아서 이것저것 물어봣는데도 엄청 친절하시고 전문의라 그런지 다른데보다 설명해주시는게 남달라서 선택했어요 
+교정기간도 생각보다 짧고 비용도 잘해주셔서 좋았고 진단 결과 당일에 듣고싶어서 조금 기다렸는데 교정 다 끝났을때 어떻게 변화되는지 시뮬레이션으로 볼수있어서 신기해요! 
제 선택에 후회없도록 예쁘게 교정해주세요💛 ☺️",67bc47e0d6b14b93b9507b05,1zEWh,
25.2.24.월,25.2.24.월,1,꼴통킹카,마취주사 하나도 안아프게  해주시는듯  실장님 친절 짱 치료 짱 입니다 추천 합니다,67bbeeaae00983663dd71fc5,7Y0hA,
25.2.23.일,25.2.22.토,2,kdw4803,"선생님이랑 직원분들 너무 친절하고, 내부가 너무 깔끔했어요. 그리고 치료받은 부분도 너무 깨끗하고 티안나고 잘해주셨어요. 무엇보다 안아프게 해주셔서 좋았습니다!",67b9ed20a145c0005a024409,1bRW5,
25.2.21.금,25.2.21.금,1,김인겸,"지인소개로 방문했는데, 원장님들이 너무 친절하시고 치료하시는지도 모를정도로 하나도 안아프게 너무 잘 해주시고 환자 상태 계속계속 체크 하시면서 치료 해주시는게 너무 감동이었습니다ㅎㅎ 간호사 분들도 너무너무 친절하시고 너무 전문적이셔서 좋았습니다. 감사합니다.",67b84c6f6d6e853b7d8fc07a,3kHYo,
25.2.18.화,25.2.18.화,3,히 히  히,"세번째 방문이고, 여전히 밝고 쾌적한 분위기였습니다. 대기실 널찍하고 위생도 깔끔해보이고, 특히 엑스레이와 최신 진단 장비가 갖춰져 있어 안심되었습니다. 
접수와 상담 과정에서도 의료진의 친절함이 돋보였고, 증상과 치료 계획을 조목조목 설명해 주어 신뢰감을 주었습니다. 시술 과정 중에 의사쌤이 세심하게 케어를 해주어 긴장감이 줄었고, 꼼꼼하게 안내해 주어 만족도가 높습니다! 👍👍",67b42d59bc0def9ad7ff217a,45aKi,
25.2.17.월,25.2.17.월,1,jkm1234,친절하게 상담해주시고 스케일링도 잘해주셨습니다,67b2ce23561bf96da77e650c,33P8z,
25.2.17.월,25.2.17.월,1,EW25,"결혼식 앞두고 고민하고 있던 치아미백 받았는데, 정말 만족스러워서 후기 남깁니다. 
웨딩 촬영 사진 보고 미백의 필요성을 절실히 느끼고... 방문했습니다. (사진에 치아는 보정도 안되잖아요ㅠ) 아무래도 미백 받으면 이 시림, 치아 손상 있지 않을까 걱정 됐는데 친절하게 상담해주셔서 믿고 진행했습니다. 진료 받는 과정도 매우 편안했습니다. 전 특히나 송곳니가 도드라지게 누래서ㅠ 말씀드렸더니 신경써서 진행해주셨어요. 색상 차이가 확실히 나더라고요! 저처럼 결혼 전에 치아 미백 고민 있으신 분들 적극 추천드립니다. 
그리고 앞니 조각이 떨어진 채로 기능상 문제 없어서 그대로 살았는데 이왕 진료 받으러 온 김에 레진으로 만들었더니 원래 이 같이 자연스럽게돼서 너무너무 만족스러운 진료 받고 갑니다. 감사합니다~",67b2bdfd44e99215ca90964e,2VwlP,
25.2.13.목,25.2.13.목,1,별사탕8441,친절하고 깨끗해요,67ad65b702526e19a8b6aebb,2oHPU,
25.2.12.수,25.2.12.수,1,숙이5494,집근처 치과를 찾다가 네이버 검색을 통해 검진겸 충치치료하러 연세새로이치과를 방문했어요. 당일 검진를 통해 스케일링과 충치치료를 진행했는데요 ! 친절하게 설명해주시는 의사선생님과 무섭지 않도록 옆에서 안심시켜주신 치과위생사 선생님덕분에 편하게 진료받고 왔답니다~~ !!,67ac436b4341f51177e5e975,1ENm8,
25.1.29.수,25.1.25.토,1,유네3752,원장님 친절하시고 하나하나 설명해주시면서 진료해주셔요 맘에듭니다,6799dd8d9181c7af13c2ab2a,3GQZu,
25.1.29.수,25.1.25.토,2,khs****,마취가 하나도안아파서 좋아요 직원들도 친절하시고 깨끗하고 맘에들어요,6799c20d8f39259da68d7b7a,5d20R,
25.1.21.화,25.1.21.화,1,koj****,임플란트에염증나서 빼고 새임플란트심었어요 박사님이라 수술잘하시네요 앞으로 잘부탁드려요,678f2f2083b87d68b5c829d5,byOk7,
25.1.13.월,25.1.13.월,2,hhdhsj4,"치과 검진이랑 스케일링 받으러 방문했는데 엄청 만족스러워요!! 전체적으로 꼼꼼하게 확인해주시고 이 시린 곳도 바로 조치해주셔서 너무 좋았어요. 다른 곳은 이 시린 곳에 물인지 바람인지 엄청 세게 쏴서 악소리 날때 많았는데 여기 원장님은 세심하게 안 아프게 쏴주시더라구요... (감동) 스케일링 전에 물약으로 마취하는 것도 처음 해봤는데 덕분에 하나도 안 아팠고, 스케일링 끝나고 피도 안났어요. 치과 가는게 제일 겁나는데 여기로 오면 이제 겁 안 먹고 올 수 있을 것 같아요. 감사해요:)",6785272bfe00701e07704fbd,4inVE,
25.1.9.목,25.1.9.목,4,Zzibumom,이번엔 이가 시려서 방문했어요 잇몸도안좋고 치아도 안좋은부분들이많은데 잇몸치료부터 먼저하고 시린곳 떼우기로했습니다 작은치료부터 해주셔서 좋아요 믿고맡기는곳입니다,677f889fd437ababc4017392,1eO8x,
25.1.8.수,25.1.8.수,1,동실37,지인에게 잘한다고 소개받고 왔는데 원장님께서 꼼꼼하게 봐주시고 원장님 스텝분들 모두 친절하고 잘해주셔서 기분좋게 치료받았어요. 만족스럽습니다^^,677e1b8f47c25c6291fa88e2,opM4,
25.1.6.월,25.1.6.월,1,b75****,"시설도 넓고 깨끗하고 치과 냄새가 안나서 좋아요☺️
선생님들도 다 친절하세요!",677b56d631bfdfc7509d5668,ab8WX,
25.1.5.일,25.1.4.토,1,kim****,"치과 무서워서 많이 알아보고 고민해서 갔습니다. 
원장님께서 친절하시고 마취도 안아프게하셔서 편안하게 잘받고왔습니다",677a8d57d3eef4ceb1be492f,aT7PU,
25.1.4.토,25.1.4.토,1,과일꾸러미,"과잉진료 없이 꼭 필요한 치료만 해주세요.
마취가 하나도 안아파서 놀랐어요",6779272cb4e5243d9f8c9e01,22g8T,
25.1.5.일,25.1.4.토,1,헤크16,정말 친절하세요! 제가 궁금한게 많았는데 잘 답해주셔서 감사했습니다. 앞니 레진도 자연스럽네요~,677a8dc8a317f6c910d355e3,4GJPu,
25.1.4.토,25.1.4.토,1,부이ㅋㅋ,잇몸에서 계속 피나고 아파서 방문한지 2주째 됐어요! 원장님 치주과 전문의라하시는데 잇몸치료 하라하셔서 잇몸치료 했더니 잇몸에서 피도안나고 확실히 좋아진느낌닙니다 친절하시고 솜씨좋아요~~~~🙏🏻🙏🏻🙏🏻,677926b0b433fb6d045339f2,2nyJm,
24.12.24.화,24.12.24.화,1,empty35077,"직장인 검진차 내원햇는데
예약안하고도 대기 안하고 바로 봐주셔서 좋았어요.
원장님 너무 상세히 친절하게 설명해주시고 선생님도 스켈링 안아프게 해주셔서 진료 잘받고 갑니다.",676a5090a8e0a4dc458dce85,2oAgY,
24.12.21.토,24.12.21.토,1,맛깔,"원래 다니던치과에서 임플란트가  어렵다해서 방문했어요
원장님 친절하시고 능력좋으시네요 
다른데서 못한다해소서 걱정했는데  가능하다해서 오늘 바로 발치후 임플란트심었어요.
설명도 자세하고 사진도 찍어서 바로 보여주고 믿음이 갑니다
생각보다 통증도없고 금방끝나네요 
마무리까지 잘 부탁드립니다 감사합니다",67665c9994e7722cf421c43b,6Icfb,
24.12.14.토,24.12.14.토,1,bit****,선생님들 너무 친절하시고 설명 자세하게 잘 해주세요😊 너무 좋아요,675d097b25517e54d058e71b,bKvRO,
24.12.9.월,24.12.6.금,1,khs****,생긴지 오래되지않아서그런지 깨끗하고 좋아여 할인이벤트도 다양하게하고있어서 저렴하게 치료받았어요~~~~ 의사선생님도 친절하시고 과잉진료없네요 ~~~~상담도 제 니즈에 맞춰서 잘해주십니다,6756d204fdd20fd314fee97e,5d20R,
24.12.9.월,24.12.6.금,2,Zzibumom,원장님 친절하시고 좋아용 ㅎㅎ 스켈링두 물약마취먼저 해주시고 안아프게 꼼꼼하게 해주시고 만족스러워요~치과가 더러운곳도 많이봣는데 여긴 다 깨끗하고 새거같아요,6756d3a881592e83c6bda1cf,1eO8x,
24.12.6.금,24.12.6.금,1,공주2069,"동네에 새로 생겼길래 방문해봤는데
상담실장님도 너무 친절하시고 의사선생님도 두 분 다 꼼꼼하고 친절하게 잘 봐주세요 ☺️
시설, 기계도 다 깔끔해서 앞으로는 계속 여기로 다닐 것 같아용 :-)",67528cb1f7cf6cd2271f00c7,3XeXr,
24.12.3.화,24.12.3.화,1,Zzibumom,이가 너무아픈데 무서워서 치과 못간 1인이에용...ㅠㅠㅠ여기근처에 치과많지만 너무 가기싫었는데 아파서 어쩔수없이 발품팔다가 내원합니당 여러곳 가봤지만 불안한 제 마음도 다독여주시고..감사해요ㅠㅠ치과도 전체적으로 너무깨끗하고 심지어 가격도 다른데보다 저렴해서 놀랐어요 !!! 계속 무서워서 힘주느라 고생많으셨습니다....ㅠㅠ마취도 가글하고 크림마취?하고 하나도안아프게 주사마취해주시네요!!!!편안하게 진료해주셔서 감사해요ㅠㅠ..저같은 겁쟁이도 갈수있는 치과찾아서 다행인거같아요ㅠㅠ!!!!감사합니다❤️❤️❤️❤️❤️❤️,674e5fbaf070d6487f19cbe0,1eO8x,
24.11.23.토,24.11.23.토,1,Kirin73,"항상 친절하시고
어린이 구강검진 불소도포도 잘 해주세요!:)",67413cf9fe41ec8f44beeec7,3SEiE,
24.11.22.금,24.11.22.금,1,베스킨9,치과 진짜 좋아요 안에 들어오니 딴 세상 이네요 모든것이 새거 에요 기구들도 좋고 원장선생님 간호선생님 최고에요 금광동에서 치과 못찾았는데 우연히 아이 이뽑으러 왔다가 정착 이네여^^강추,67401aed6766fa5842e68d29,36Ihj,
24.11.12.화,24.11.8.금,2,붕어왕,"충치치료 받았어요. 설명도 자세하게 해주시고 치료 전후 사진도 보여주셔서 좋았어요
끝나고는 안마의자까지 해주셔서 진짜 재밌는 경험했습니다 🤣🤣
치아를 험하게 다룬 죄를 뉘우치는 중인데,, 잘 보살펴주셔서 감사합니데이.. 
치과 갈 일 있으면 또 갈게요!! 감사합니다",6732afe0307bf9f3b4ff5968,2qj0B,
24.11.2.토,24.11.2.토,1,신정훈,스케일후에 잇몸치료 잘받았습니다 친절하시고 잇몸건강해졌으면 좋겠네요,67257b8d76904705b3d23175,2IQl8,
24.11.1.금,24.11.1.금,1,ppl****,"단대오거리에 크게 있길래 생각없이 들어와서 스케일링 받았는데 여기 직원분들이 너무 친절하십니다. 의사선생님께서도 꼼꼼히 봐주시고요!
새로  오픈해서 그런지 실내가 너무 깨끗합니다
다음에 스케일링도 여기서 받아야겠습니다",67247d627b6f2562f4085d00,3KX4A,
24.11.1.금,24.11.1.금,1,cct****,덕분에 치과치료 잘받았습니다~모든분들이 친절하고 편한하게 해주셔서 기분좋게 치료받고 갑니다~~~감사합니다!!,672451faeecd549b62fb4ae7,6JPxQ,
24.11.4.월,24.10.31.목,1,붕어왕,좋아요 스케일링 하러 왔어요 잘봐주셔서 감사합니다,672807135a8474a608779e54,2qj0B,
24.10.30.수,24.10.23.수,1,13177013최의준,직원분들 모두 친절하고 선생님께서 굉장히 꼼꼼히 잘 봐주셨어요!,67220c02411ff8e352a311f2,164iT,
24.10.22.화,24.10.22.화,1,flowersister,"병원이 너무 깨끗~깔끔하고~
간호사분들도 친절하시고~
스켈링하고 점검해주시고~
원장님이 차근차근 설명해주셔서 너무 좋네요 !",67173fe2c5265bc46393fc94,1hBGb,
24.10.21.월,24.10.21.월,1,모니카4032,"시설깨끗하고 친절하세요
스켈링도 별로 안 아팠어요",6715ef7f4e61c039e65a18eb,2vMTH,
24.10.21.월,24.10.21.월,1,송재호태권스쿨,"과잉진료 없으며
떼운이 1년간as가 가장 맘에 들었습니다

친절하고
좋습니다

이제껏 다녀본 치과중 단연 최고인듯합니다",6715bdea7371675e3b1e2eee,1ymLe,
24.10.21.월,24.10.21.월,1,이슬비573,"친절하고 꼼꼼하게 설명 잘해주셔서 좋았어요. 평소 치과 무서워했는데, 스케일링도 안아프게 잘 해주어서 너무 개운하고 좋아요.",6715ab289d4b884b5f554f74,8ljR9,
24.10.21.월,24.10.21.월,1,a르르르르,넓고 깨끗하고 너무 친절하세요♡,6715a66d60d1f3e39de31a8d,6HSkt,
24.10.16.수,24.10.16.수,1,정원52,"시설이나 선생님이 친절하게 검진 및 설명이 다른 곳과 차별화가 보이네요.
가족 모두 진료희망합니다.",670f820d963843bbd03c58d8,3afKF,
24.10.15.화,24.10.15.화,1,ㄷㄷㄹㄹㄷ,직원분들이 친절하게 진료를 봐주셔서 너무 맘에 들었어요 ㅎㅎㅎ 또 진료 자세히 봐주셔서 좋았습니다.,670e05261f3350aa30aefbde,31Wf5,
24.10.14.월,24.10.12.토,1,yoyojy,"스케일링 하러 갔는데 하나도 안 아프고, 과정도 친절하게 설명해주셔서 만족했어요!!  새로 오픈해서 그런지 시설도 깔끔하고 좋았어요~~~~!!",670cdf35b16df9d8898be98c,1ZgfA,
24.10.14.월,24.10.12.토,1,처이영,"단대 앞에서 여러 치과를 다녀봤지만, 이곳만큼 친절하고 세심한 진료는 처음이에요. 새로 오픈해서 그런지 인테리어도 너무 깔끔하고, 치료받는 내내 하나도 안 아프고 편안하게 느껴졌습니다. 다음에 또 방문하려 합니다.",670c6578089e2fdbe4c84112,7a0ER,
24.10.11.금,24.10.11.금,1,Lily3145,친절하시고 깔끔하게 원하는 곳만 잘 봐주세요,6708ebf0535d47e245c4f78c,zpJW,
24.10.13.일,24.10.8.화,1,lad****,좋아요,670bc6bc971d2ac685e740ef,25PhW,
24.10.4.금,24.10.4.금,1,ysy****,"시설이 깨끗하고, 전문의 선생님께서 꼼꼼하게 설명 후 치료해주셨습니다:))",66ff5f1412629c9d44dd871e,qzKu,
24.9.20.금,24.9.20.금,1,효래,선생님께서 친절하게 설명 잘해주셔서 좋아요,66eccf03ee505e843b0995ed,1Jt2,
24.9.7.토,24.9.7.토,1,hyeji0227,너무 친절하시고 꼼꼼하게 봐주셔서 좋았어요ㅎㅎ,66dbd9a7a046fe285058ed03,2ozib,
24.9.4.수,24.9.4.수,1,ces144066,시설이 깨끗하고 진료하시는 의사선생님과 치위생사님이 꼼꼼하고 친절하며 과잉진료없이 설명해주셔서 재방문의사있어요,66d7c6ef818131f1670ab302,edLh,
24.9.3.화,24.9.3.화,1,엠씨더맥스69,"선생님들 모두 친절하시고
깨끗하고 좋습니다!
1등 금광동 치과는 여기로..!",66d68fe35adedc3f16644de7,9cZY4,
24.9.3.화,24.9.3.화,2,kupazzang,"모든 선생님들이 정말 친절하고 과잉치료 없이 친절하게 치료해주셨어요!
시설도 정말 깔끔하고 금액이 저렴해서 앞으로 치과는 여기로 올게요~^^",66d68f1202ed211c4de45b16,oY8d,
24.9.6.금,24.8.28.수,1,kkoott2,"지인에 소개로 찾아간 치과였습니다..
불필요한 치료와 과잉진료대신 이곳은 저에게 딱맞는 치료와 응대를 해주셨어요.
너무 친절하신 여의사 원장님과, 과할정도로 친절하셨던 간호사님들....너무 너무  감사했어요..앞으로 많은 치료들이 남아있지만 기분좋게 방문할거 같애요..",66dab0ede722bc3026a8eb6f,2xG0b,
24.8.24.토,24.8.24.토,1,sun6660,"첫방문입니다.
당일진료 문의드렸는데 진료봐주셔서 감사합니다.
아이발치로 방문했는데 전체적으로 꼼꼼히 다 확인해주시네요.
비명소리(?)가 안났는데 진료끝났다고 하시길래 들어 갔는데
아이도 발치한 줄 몰랐데요 ㅎㅎ
병원 선생님 모두 친절하게 대해주셔서 감사합니다.",66c941b4b11bca6430169d03,28DmT,
24.9.6.금,24.8.16.금,1,wonsajang,굿,66d9cb4d5105f8ff615f020f,CoPQ,
24.8.17.토,24.8.10.토,1,mate0215,"아이 치아교정 상담차 방문했습니다. 시설 깔끔하고 직원분들 친절합니다. 원장님께서 자세하게 설명도 잘 해주시고, 교정전문의라 믿음이 갑니다. 멀리 온 보람이 있네요^^ 아이도 매우 만족해 하고 있습니다.",66c0656a64dac80b4ea67a05,ukjx,
24.8.10.토,24.8.10.토,2,길게쓰면 진심임,"일단 턱관절 물리치료 신세계에요ㅋㅋ
턱관절 물리치료할때 안마의자 있는데 진짜 너무 시원함ㅠㅋㅋ센스라는 것이 폭발한다!!치위생사님들도 엄청 친절하시구...칫솔 치실도 겁나 잘닦여요 제품 어디껀가요..디테일 맛집..👍 

두번째 방문이지만
항상 진료를 다 보고 나서도 환자에 대해 생각해주시는 것 같아요. 진료가 끝나고 나서도 환자한테 더 필요하다 싶은거나 나쁘겠다 싶은건 나중에라도 꼭 알려주시더라고요~감동..
방문주기같은것도 종합적으로 생각해서 치료계획을 말씀해주세요. 치료 고민해보겠다 하니 뭐때문에 고민되시냐 질문듣고 놀랐어요. 고민할 때 역으로 환자한테 질문한 의사쌤 처음이라ㅋㅋ경청하기 때문에 질문할 수 있는거라 생각해서요..환자 알권리가 이렇게 제대로 보호받는다는 느낌은 처음이네요ㅋㅋ항상 감사합니다",66b6e83d3870bbff07bd9f0b,2W1Jc,
24.8.8.목,24.8.8.목,1,eun****,"친절하시고
치료잘받았습니다
생긴지얼마안되서그런지
깨끛하고 좋았어요 👌",66b4863e6cd2a220568fe912,7el8a,
24.8.7.수,24.8.7.수,1,kupazzang,엄청 친절하고 좋아요!,66b3361b578d92c416faea80,oY8d,
24.8.8.목,24.8.7.수,1,길게쓰면 진심임,"첫 치과가 중요하다고 생각합니다.
그래서 첫 치과로 강추합니다.
첫 진료 망하면 다른 치과 가서 해결하기가 정말 어렵거든요.
무엇보다 의사쌤 인품이 제가 본 의사 중 가장 훌륭하셔서..
정말 어려운 수술아닌 이상 일반적인 충치 진료같은건 어딜가나 무난하게 치료할 수 있다고 생각합니다. 하지만 의사소통이 안되면 아무리 기술이 좋아도 쉬운 문제가 어려워지더라고요. 안그래도 무서운 치과진료에 심리적으로 위축되기도 하고...
상담 실장 거쳐서 공장식으로 빨리빨리 환자 해치우는 의사들 많은데, 원장님은 시간이 걸려도 설명을 잘 해주시고 또 잘 들어주십니다. 마음 편한 곳이 짱이라고 생각합니다. 그만큼 환자를 배려해주셔서 그런 것 같아요.
말많은 제가 죄송할정도ㅋㅋㅠ
나만알고 싶은 곳...하지만 유명해지세요..^^",66b3a4677a26d56845d3c8fe,2W1Jc,
24.8.7.수,24.8.7.수,1,gim****,"오늘 처음 가보니 다들 친절하시고 설명을 잘 해주셔서 굳
집도 근처고 선생님들 실력도 좋으셔서 앞으로 치과에 갈 일 있으면 여기로만 갈 듯. 이 동네 근처에서 치과 찾고 있다면 이곳 개추",66b2e78b061f99d70c91cb8c,e1EZU,
24.8.6.화,24.8.6.화,2,jin****,친절하고 자세하게 설명해주세요,66b19a6c332fc269982ce602,4Q5dl,
24.8.6.화,24.8.6.화,1,이동현1744,"교정 및 사랑니 발치를 했습니다.
사랑니 발치가 걱정 되었지만 아프지않게 또한 발치이후 불편하지않게 케어까지!!
너무 만족스러웠습니다~",66b1854a36c70a12694ffca8,43FPw,
24.8.3.토,24.8.3.토,1,부우39,다른 병원 다니다가 이사하면서 거리가 멀어져서 가까운 병원을 찾다가 오게 되었어요! 매년 스케일링 받아봤지만 잇몸 마취 해주시는 곳은 첨이었네요!! 편안했습니다! 다들 친절하시고 꼼꼼히 봐주셔서 좋았습니다! 설명도 잘 해주시고 안 아프게 잘 해주세요!!,66adabb0d1b6fe4b37604da1,4GBJZ,
24.8.5.월,24.8.3.토,1,jeonc082,진료실 깔끔하고 원장님 자상하십니다.~~,66b06882487b8523211bf502,66cUh,
24.8.9.금,24.8.3.토,1,wih****,치아관리 진짜 열심히 해야겠다 싶은 생각 들었네요.. 자주 검진하러 올게여ㅎㅎㅎㅎㅎ,66b5a01b777057da7b2627f1,2cGhIJ,
24.8.8.목,24.8.2.금,1,her****,스케일링 너무 꼼꼼히 잘해주시네요^^ :) 겁이많아서 걱정했는데 아프지않게 해주셨어요. 하고나니 반질반질하네여 ㅋㅋ,66b4299ce92571980a13be44,9teEA,
24.8.12.월,24.8.2.금,1,heo****,진료가 꼼꼼해서 좋네요 ~ 진짜 이것저것 다 물어봤는데..너무 잘 알려주심 ^^🙏🏻,66b9757236e4af411054835b,3fHUO,
24.8.6.화,24.8.1.목,1,뿅뿅지락실,겁이 많은 저도 진료 잘 받았어요 ㅎㅎ 궁금한거 엄청물어봤는데..엄청 답 잘해주시네여~,66b1c040acb10db7962b27c5,2bT2PZ,
24.8.5.월,24.8.1.목,1,보미e,늘 지나가다 보다 치과갈일이 있어서 처음 들렸는데 꼼꼼하게 너무 잘 봐주셨어요 😎,66b060ae6a43492476575b4a,8uTUZ,
24.8.7.수,24.8.1.목,1,큰팔팔,요즘 이상하게 구취가 좀 심해진듯한 느낌이라 검진받으러 왔다가 충치있는거 발견했네요..ㅠㅠ설명을 잘해주신덕분에 믿고 진료받습니다.,66b302913df32d7d6f5fe017,6YSxF,
24.7.30.화,24.7.30.화,1,윤승범,"사랑니 왼쪽 위아래 뽑고 왔습니당
위에쪽엔 잘나왓는데. 아래쪽이 잘안나오더라구요
선생님께서 애써주신 덕분에 잘뽑고 편한걸음으로 돌아갑니다
감사합니다 😀",66a8e36ec180c48ff4a86b6a,6o2DU,
24.7.30.화,24.7.30.화,1,이귀귀,치과무서워서 잘 못가는데 설명 잘해주시고 중간중간 괜찮으신지 물어봐주시고 친절하셨어요,66a8bd6d7281a67b8c24ee04,2kgLI,
24.7.30.화,24.7.30.화,1,구찌코치아빠,"여기는 무조건 가세요...
마취도 안 아프고 원장님도 2분 다 친절하세요. 
사랑니 발치 하고 충치치료도 하지만 일산에서 와서 먼 거리로 와서 후회 없이 잘 치료 받고 갑니다. 
오픈한지 얼마 안 돼서 시설도 깨끗하고 깔끔 해용 :)
원장님 번창하세요 😝😝",66a8b8883fb0f7b38e34023d,5UZgB,
24.7.30.화,24.7.30.화,1,wls****,"너무 무서운 치과지만 정말 하나도 안아프게 사랑니 발치하고 임플란트 시술까지 받았는데 하고있다는 것만 알지 
아!!! 소리는 1도 안나왔어요 
생긴지 얼마안되 시설도 깔끔하고 원장님 그리고 직원분들도 친절하게 해주셔서 맘 편히 받고 왔습니다 🙏
재방문의사 있습니다 !!",66a8b7584fbb4fb9ac8aebeb,2CHC0,
24.8.1.목,24.7.26.금,1,너도나처럼뿜뿜,"치아가 깨져서 급하게 방문했는데요 ㅠㅠ
침착하게 치료해 주셔서 안정하게 되었네요~",66ab6d96165732ce636c5325,2coUnK,
24.8.2.금,24.7.26.금,1,hwg****,"저희 엄마 당골이신데 
저도 요즘 같이 다니고 있네요 ㅎ
개인적으로 엄청 친절 하신것 같아요...!",66ac9ac12f83b9e243be5847,4Sydr,
24.7.20.토,24.7.20.토,1,슈누닝,진료나 치료나 모두 친절하게 꼼꼼하게 해주셨어요 너무 좋네요!!,669b27f486481966baf87d37,39wEM,
24.7.22.월,24.7.20.토,1,min****,오랜만에 방문한 치과였는데 후덜덜감없이 다녀왔어요~~~,669de95401ffbce6c8e715c1,9AxR7,
24.7.20.토,24.7.20.토,1,올라13,스케일링 너무 잘 받고 레진도 잘 점검받고 갑니다 ㅎㅎ 너무 친절하시고 설명도 잘 해주시네요,669b79934e94075b43e4d311,2W6S5,
24.7.20.토,24.7.19.금,1,wa****,"다른 치과 다녔었는데 여기 시설이 정말 좋고 진찰도 섬세해요! 직원분들도 친절하시고 딱 필요한 부분만 사진으로 보여주시면서 설명주셔서 믿음도 갑니다.
이제 여기로 다니려고 합니다",669b9cd81d31d972b92b37a3,2yCYj,
24.7.22.월,24.7.18.목,1,a10****,생각보다 과잉없어서 좋네요.,669de77dd7ed4bd84d8418f0,31ecK,
24.7.23.화,24.7.16.화,1,ful****,꼼꼼하게 봐주시네요^^,669f4d7e811857b041d8e5cf,2cIWOW,
24.7.22.월,24.7.15.월,1,룰랄랏,"치과가는거 누구나 불편한일이지만 진짜 제일 편안한곳을 찾았네요 ㅎㅎ
설명도 넘잘해주시네요",669df1a132707a5692432714,2cCHDW,
24.7.13.토,24.7.13.토,1,링링리리링,"교정 알아보다가 대표 원장님이 교정전문의시길래 내원했어요. 스케일링하고 진료도 잘 봐주셨습니다.
추천 해주셔서 투명교정이라는 인비절라인 ..?
하기로 정했어요.
확실히 티도 덜 날것 같아 기대하고 있어요. 
생각도 못했던 .. 뜬금 사랑니 발치 두개 했는데 
웬걸 .. 뽑는지도 몰랐어요 😅😅
소리도 안나서 안뽑은줄 .. ㅋㅋ 뽑힌 이도 구경하고 왔습니다 ㅋㅋ 다른분들도 치과 가셔야하면 추천드려요 내원해보세용",6692240053a15457688fc12f,TqXg,
24.7.13.토,24.7.13.토,1,k3****,"원장님.간호사들 분 너무 친절하세요!
마취도 안아프게 해주셔서
너무너무 좋았습니다👍🏻
병원도 너무 깨끗합니다😍",6692049522b88cd5a162aab4,NK9H,
24.7.21.일,24.7.13.토,1,고릴라7246,"원장선생님과 직원 간호사 분들이 너무 친절하십니다. 사랑한다~~ 연세!!! 새로이!
아이들한테도 친절해요.",669c8058bac992466d7a2781,Uipr,
24.7.13.토,24.7.13.토,1,무카무카64,"오랫동안 미뤄놨다가 치과왔는데 진작 올걸 그랬네요. 너무 깨끗하고 원장님,간호사분들 친절하게 해주셔서 하나도 안아프게 잘했네요:) 처음왔는데도 과잉진료도 없이 필요한 것만 딱 해주신 느낌이라 너무 좋았어요.
담엔 와이프랑 애기들도 데리고와야겠네요! 완전 추천입니다",66926b238657fa081be5b6f9,D15g,
24.7.23.화,24.7.12.금,1,hello7484,겁많은편인데  ㅎㅎㅎㅎ 잘보고왔어요~,669ee68133a8822aa9405113,3c9VR,
24.7.11.목,24.7.11.목,1,얼큰이왕만두,"원장님 친절하시고, 어떻게 치료하실건지 말씀해주시구요 데스크랑 간호사선생님들도 다 친절하세요
시설도 깔끔하고 좋아서 이제 치과는 이쪽이용하려구요",668fd097f6218ab31ad27979,5btWI,
24.7.21.일,24.7.11.목,1,jon****,"스케일링을 친척분이 하시는데서만 하다가
너무 멀어서 동네에 새로생긴 연세새로이치과에
방문했는데 결과는 대만족!!

의사쌤이 젊으시고 친절하세요
그리고 과잉진료 없이 꼭 치료할 부분만 말씀해주셔서
감사했어요.

나중에 우리 아기도 크면 데려갈 생각이에요.
교정전문의셔서 믿고 맡길 수 있을 것 같아요 ㅎㅎ",669c231e698bfe2604281070,2m2Hq,
24.7.11.목,24.7.10.수,1,jwjoj,"저번달에 스케일링 받으러 갔다가 친절하셔서
충치 치료도 받으러 갔는데 안아프게 잘해주셔서 좋았습니다!",668f7839163c0b12cb9c6f80,2y27R,
24.7.8.월,24.7.8.월,1,조개대마왕,"스케일링 받으러 왔다가 넘 쾌적하고 모두 친절하게 응대해주시도 설명도 너무너무 잘 해주셨어요! 그래서 충치 치료와 사랑니 발치도 했답니다!!! 앞으로도 쭈욱 올거같아요!! 
치과를 이제 이쪽으로 옮기게 돼었네요!!!",668ba9e8f3e479ebae50864c,3nd9C,
24.7.8.월,24.7.8.월,1,데이블리스,"스케일링 받으러오면서 간단한 진료도 받앗는데
하나도안아픈적 처음이에요 ㅎ ㅠ 
상담도 꼼꼼히 해주시고 정말 만족스럽습니다 !",668ba99be988adfb9602c6f2,7ezwr,
24.7.6.토,24.7.6.토,1,020202020,"대표원장님께서 친절하게 상담해주시구 치위생선생님께서 친절히 상담해주셨어요^^
스케일링 잘 받았습니당!",6688b6e2e851c1072088ad5d,12Sg3,
24.7.13.토,24.7.6.토,1,kdw4803,"선생님들이랑 직원분들 너무 친절하시고,
필요한 부분만 잘 진료해주세요!
이동네에 새로생긴 곳인데 깔끔하고 좋네요",669269bc3c7974a03ea32793,1bRW5,
24.7.6.토,24.7.6.토,2,캐리844,재교정알아보다가 집이랑 가까운곳에 새로 생겨서 방문했는데 시설도 깨끗하고 무엇보다도 원장님 직원분들 넘 친절하시고 진료도 꼼꼼히 해주세여~ 상담후에 바로 교정시작했어요,6688b1168ff69c64012f84d6,6yf0L,
24.7.9.화,24.7.3.수,1,Singk55,임플란트 뼈이식을 해야된다는말에 급하게 다른곳으로 찾아보다 방문했어요. 진료보시더니 그럴필요 없이 가능하다고 하시네요. 과잉진료 없어보여서 마음에 들어요. GOOOOD,668ca866b0a2b15424fe42b8,8MSyg,
24.7.9.화,24.7.3.수,1,닝닝751896,"갑자기 음식먹을때 찌릿하더니 아파서
진료보게됐어요 바로 치료받고 괜찮아졌어요
설명도 잘 해주시고 꼼꼼하게 해줘서 좋았습니당",668d32a346602585ef3c7316,6r5zT,
24.7.8.월,24.7.1.월,1,젤리맘z,임플란트 해야된다고 하는데 다른데갔더니 너무 상담해주시는게 어려워서 그냥 돌아왔어요 ㅠㅠ그런데 여긴 상담도 너무 잘해주시고 첨부터 너무 투명하게 설명해주셔서 믿음직스럽네요^^,668abaa4a66814e1c61ca003,3kZYZ,
24.7.5.금,24.7.1.월,1,ans****,"저진짜 치과 무서워하거든요...ㅠㅠㅠ
교정때문에 미루고 미루다가 결국 가게되었습니다 ㅠ 무서워서 예약한 날까지 고민많이 했었는데..오길정말 잘했어요. 상담도 진짜 꼼꼼하게 해주시고 또 직장인인 저를 많이 배려해서 진행 해주시네요! 최고❤️",66877197931b23ce6db3a412,1aYYL,
24.7.6.토,24.6.29.토,1,상자9518,"의사선생님 2분과 직원분들이 친절하고
진료및치료 편안하게 잘 받았습니다😊
항상 친절하게 대우 해주셔서 감사했습니다!",6688be4d4696d3bbb069fe21,1A13Q,
24.6.27.목,24.6.26.수,1,BANDAGE,원장님이 설명도 잘해주고 직원들도 친절하고 병원도 깔끔해요.  남편 입냄새 많이 나는데 한번 데리고 가려구요.,667d30194a84c073e3ea5637,FyXC,
24.7.5.금,24.6.26.수,1,헤유유,미리 예약했었는데 다른곳과 다르게 시간이 거의 맞춰주시네요~ ^^ 이런거 너무좋아요! 설명도 잘해주셔서 저는 바로 여기서 치료하기로했어요✔,668766dbe94db07dc5f9c637,cKos5,
24.6.27.목,24.6.25.화,1,꾸르으,"여자원장님 남자원장님 한분씩 계시는데 두 분다 너무 설명도 잘해주시고 과잉진료도 하지않으시고 직원분들도 다 천사같아요
개원하신지 얼마 안된거같아 시설도 다 깨끗하고 너무 좋네요^^
치과를 너무 무서워하는데 원장님들 직원분들 다 편안하게 대해주셔서 겁없이 치료 다 잘 받고 나왔네요^^ 연세새로이치과 앞으로 더 잘되시고 앞으로 잘 부탁드립니다~ 치료 열심히 받을거에요~",667d64846e741a6a93db7241,aEeGa,
24.7.11.목,24.6.24.월,1,뿌꾸뿌꾸뾰,"예약해도 밀리지않아서 좋음 👍
 지인이 여기서 교정중인데 잘한다고해서 왔는데 
상담 넘 친절해요",668f8606f4d6e6aacfec3ca2,3GTS1,
24.7.10.수,24.6.24.월,1,쀼잉19,"치아가 안좋아서 임플란트생각했는데
지인이 잘한다고 추천해주셔서 방문했네요
간호사님 의사님 친절하셔서 좋앗구요
가격면에서도 세세하게 잘 설명해주시더라구요
그래서! 바로 결제하고 왓씁니다😁",668de53cbfc53bb8c0bbcccf,3XNis,
24.7.8.월,24.6.22.토,1,hxxseo,교정문의하러 다녀왔다가 설명도 좋고 또 전문적인게 맘에들어서 여기서 하기로 했습니다 ㅎㅎ교정은 역시 잘 알아보고 해야되는거같아요..휴..이제진짜시작 ㅠㅠ,668b3c8b26ac3fc82146188c,3CzKz,
24.7.9.화,24.6.22.토,1,별뚱이22,교정 진짜 고민만 하고 상담만 벌써 8군데째;;; 그중에서 젤친절했어요 ㅎㅎ 그래서 일단 검사부터 해보자 하셨는데 검사도 잘해주시고 시간도 잘 맞을거같아서 7월에 교정시작! 긴장되네요…,668c048f9a48e2d71e8aeb22,4SF2C,
24.6.19.수,24.6.19.수,1,츄츈2,"직원들도 상당히 친절하고 시설이 최신이어서 깔끔해서 좋다

몇번에 거쳐서 스케일링, 충치치료, 잇몸치료를 받고 있는데 질문하면 의사선생님께서 상당히 구체적으로, 해부학적으로 설명해주셔서 너무 만족스럽다

의사가 대충대충 설명해주거나 얼렁뚱땅 넘어가는 걸 싫어하는 스타일이시라면 여길 추천한다
",6672495790b094e57981b260,2Nt4u,
24.6.29.토,24.6.14.금,1,쿠크다쑤89,"새로 만들어진 치과여서 시설이 깨끗하고 좋고, 의사선생님이 친절히 치료 및 설명해주셔서 좋았습니다. 턱 관절 통증이 있는데 턱관절 물리치료도 받을 수 있어서 좋았습니다~",667fdc69328ae087bde6198e,2eWuO,
24.6.29.토,24.6.14.금,1,hhdhsj4,원장님 엄청 친절하시고 꼼꼼하게 봐주셨어요. 신규 오픈이라 그런지 매장도 크고 깔끔하네요. 집 근처라 자주 방문할 것 같아요.,667fdc33b6a1dfc0a0e90cfb,4inVE,
24.6.15.토,24.6.14.금,1,지민8070,친절하세요 병원이 깔끔해요,666d585550fc67df914c84b5,41Nr8,
24.6.15.토,24.6.13.목,1,jj****,"스케일링 받으러 갓는데 깔끔하고 여자 원장님 친절하시넹
",666d0a1bda1a210323e31a36,4nKmS,
24.6.15.토,24.6.11.화,1,dav****,"교정 상담하러 왔는데 원장님 친절하시네요
여러군데서 교정 상담 받아보고 여기 원장님이 제일 꼼꼼하게 설명해주셔서 여기서 받기로 했습니다 앞으로 잘 부탁드려요",666d0b2440f0e05efb886e08,6l4oQ,
24.6.3.월,24.6.3.월,1,l3y121768,친절히 저렴하게 잘 했어요,665d83fc1fd0e26750cc28d5,mNyF,
24.5.28.화,24.5.21.화,1,저송,친절하고 좋아요,6655657db8919e343d4b9f87,44AJW,
24.6.4.화,24.5.20.월,1,SH1231,^^,665ea05e03b2dc6fa11ad93f,7biEe,
24.5.27.월,24.5.18.토,1,vrz****,"스케일링 여기저기 받아봤는데, 가장 편안하게 받았어요^^",665433b79a3fb22d31f3eeca,5WeMg,
24.5.23.목,24.5.18.토,1,마이쮸69,"동네 치과 새로 생겼다해서 
다니던데 두고 새로운데 가봤는데 
엄청 깔끔스
원장님 매우 친절스 
제가 고대 나왔는데 앞으로 연대치과 다니기로 마음먹은걸로 모든걸 이야기하겠습니다. . .ㅋㅋㅋㅋ",664f531445e2b448c4c4f971,2JCLe,
24.5.23.목,24.5.17.금,2,히 히  히,"충치치료하러 갔는데 원장님이 최신식 좋은 장비로 (원장님이 비싼 장비라고 알려주심) 잘 치료해 주셨어요. 원래 충치치료할 때 아프고 무서웠는데, 여기는 하나도 안 아파서 편하게 치료하고 왔어요!",664e1ffac1b1c120935531e7,45aKi,
24.5.25.토,24.5.17.금,1,pej487,직원들 원장님들 모두 친절하네요^^,6651abbd3f7581a36247ebb4,1g8eX,
24.5.17.금,24.5.17.금,1,ne****,"그동안 미루다가 새로 생겼다고 해서
몇년만에 치과 방문했어요.
충치 하나 정도는 있겠지 했는데
왠걸. 치아 상태 이상 없으니 정기 점검만 오시라 하시네요^^
과잉 진료 없이 꼼꼼하게 체크해주셔서 좋았어요.
",6646ecb6e63c0d49fa00ce30,1lLim,
24.5.27.월,24.5.17.금,1,ljh****,"사랑니 뽑고 왓는데, 순식간에 뽑았고 안아팠어요.설명도 잘 해줘요",66542a3a1be69e2e6e66d81f,1W8p4,
24.5.17.금,24.5.17.금,2,rkd****,"오늘 사랑니 치료를 받았는데 정말 순식간에 뽑힌줄도모르게 치료를 해주셨더라고요 
선생님도 엄청 친절하게 알려주시고 너무 좋았습니다 ! 다음에도 또 방문할것같습니다ㅎㅎ",6646c66af2853b62985c1ce9,cvNnI,
24.5.27.월,24.5.16.목,1,wkd****,"교정 진단 검사 받았는데, 거의 한시간 동안 자세히 설명 해주셨고,
교정 시작하기로 했어요! 잘부탁드려요",66542827cfb518780bd87644,8LmGM,
24.5.20.월,24.5.14.화,1,성남맘카퍼회장,겉만 반질반질....다신 안간다,664b3a9d1624de4285907639,1m2Tw,
24.5.11.토,24.5.11.토,1,happy98,"토요일이라 충치검사하러 치과갔다가 이빨 사이 충치 발견돼서 치료했어요 사진 찍어서 보여주고 하니까 믿음가요 치료할때도 친절해서 좋았어요  다음에 임플란트 하러 갈거에요
정말 추천해요ㆍ
",663f28bae5b3c2101c609391,6yo8A,
24.5.10.금,24.5.10.금,1,히 히  히,지나가다가 간판이 눈에 보여서 스케일링 하러 들어갔는데 검진도 꼼꼼하게 해주시고 생각치도 못한 충치가 있었어요. 엑스레이 보면서 설명 잘 해주셔서 다음번 치료예약 잡고왔어용~  과잉진료 없는거 같아서 앞으로 여기 다닐 계획이에요,663e18bf8ea02971eea995c2,45aKi,
24.5.10.금,24.5.10.금,1,hsj****,오픈한치과방문 친절하구 좋앙ㅛ,663df2b9a6564095f9d6652e,exyT2,
24.5.10.금,24.5.10.금,1,류류희,"아이 불소도포와 엄마스케일링을 하러왔어요! 
내부가 넓고 깨끗하고 쾌적해요!
데스크에 계신 서실장님 정말 친절하세요! 예약및 안내 치료 결제에 이르기까지 친절하게 알려주셔서 기분좋게 잘 들어왔고요~
선생님 두분계신데 치주와 치과교정에 관해서 다 관리가 가능하셔서 저희아이는 앞으로 성장하는데 있어 치주학적으로 봐주실수있도록 남자원장님께 배치해주셨는데 원장님도 친절하시고, 만3살아이가 겁먹지않도록 잘 설명해주시면서 불소도포해주셔서 울음소리 하나 나지않고 치료잘마쳐서 기쁘네요~^^ 다른  치위생선생님들도 한결같이 친절하셔서. 기분좋게 치아관리하기 좋은치과였어요~~ 
앞으로 정기검진도 이곳으로 정했어요!",663dbb47a36d1d9277c64540,1sqtg,
24.5.10.금,24.5.8.수,1,ji****,"치과 새로 생겼데서 
옆에 딴치과 두군데랑 충치 치료 비용 비교 상담 받아보고 여기로다녀왔어요! 
새로 생긴데라 어찌나 깔끔하던지 미술관온듯한 인테리어 완전 취저 
저는 남자원장님한테 치료받았는데, 
엄청 친절하고 차분하게 진료해주셔서 
치과에 대한 거부감이 덜했어요

충치 3개 치료하고 스케일링까지 싹 받고왔습니다
오픈이벤트로 너무싸게 해주시더라구요
저희가족 치과는 이제 여기로정착이요!!",663e1b79a739749c7752342a,2gQJw,
